diagnostic_id,artwork_id,verdict_type,indigestibility_score,core_stability,camouflage_quality,breakthrough_strategy,diagnostic_logic,created_date,cleaned_text,cluster_id,silhouette,cluster_label,pca_x,pca_y,dist_to_center
1,213,True_Flight,0.78,0.85,0.9,Material_Subversion,该作品成功利用极具欺骗性的高反光商业图像与女性主义政治正确的话语作为90%的迷彩伪装，但其异质内核——即通过肉身指腹的暴力敲击，将脆弱的生命水汽封死在拥有80年寿命的冰冷户外工业防锈金属漆中——在微观层面实施了触觉故障，成功抵制并反噬了蓝筹画廊试图将其降维为安全情动消费品的领土化收编。,2026-04-13 03:32:29,material subversion,5,-0.1527750808401669,haptic/material/subversion,-0.2990850225783112,0.19970936701561318,0.9522241296439773
2,267,True_Flight,0.85,0.9,0.8,Material_Subversion,利用蓝筹画廊体制话语与戈雅历史叙事作为合法伪装，通过硬纸板与油彩的不可控吸附实施触觉对视觉的僭越，拒斥痛感作为平滑奇观的收编。,2026-04-13 03:35:57,material subversion,5,-0.1527750808401669,haptic/material/subversion,-0.2990850225783098,0.1997093670156125,0.9522241296439773
3,215,True_Flight,0.75,0.85,0.9,Perceptual_Barricade,利用“非裔空间记忆”的政治正确题材作为伪装，通过主体的绝对撤退与反向凝视的铁丝网网格，拒绝被转化为画廊资本的“情绪抚慰剂”，实施对观众视线的暴力阻断。,2026-04-13 03:37:53,perceptual barricade,5,0.03604524943242687,haptic/material/subversion,-0.09611415682775423,-0.12785748996455717,0.9991196832273368
4,100,True_Flight,0.8,0.9,0.9,Semiotic_Glitch,利用极简图式与冷抽象的合法伪装，在内核处保留强迫症式手工抹除与无语义神经痉挛，通过符号故障拒斥画廊将其降维为唯美装饰品的收编企图。,2026-04-14 03:40:30,semiotic glitch,6,0.537542445174496,semiotic/glitch/semiotic glitch,-0.21235591275947438,-0.6695917574116821,0.31479109026423724
5,135,True_Flight,0.85,0.9,0.95,Metallurgic_Spasm,利用24K金与严密网格作为终极资本伪装，在内核处保留无机物挤压的纯粹力的图表，通过冶金痉挛实施触觉对视觉的僭越，抵制画廊的话语消化。,2026-04-14 06:55:49,metallurgic spasm,5,0.030299764829342744,haptic/material/subversion,-0.08665593564002552,-0.11853584062687138,1.0026819185379494
6,127,True_Flight,0.75,0.85,0.9,Haptic_Glitch,利用冷抽象风格与“节气/时间”的策展诗意作为伪装，通过多层油画颜料的机械性刮擦与微观溢出，发动触觉对光学的僭越，保留拒绝被资本话语消化的物质痉挛与时间法医学刻度。,2026-04-14 06:57:25,haptic glitch,0,0.22457389430308136,glitch/ontological/material,0.2783701036074735,-0.21401455490055973,0.45908707319146885
8,75,True_Flight,0.72,0.95,0.9,Material_Entropy,以抽象表现主义手势与色彩为伪装，通过极端厚涂引发的数十年物理熵增过程（颜料内部缓慢流动与氧化），利用物质不可控衰变从内部瓦解资本对“静态资产”的领土化。,2026-04-14 07:04:46,material entropy,1,1.0,material entropy/entropy/material,-0.28795999300944547,0.18706975346375943,0.0
10,159,True_Flight,0.75,0.85,0.9,Somatic_Disjunction,以90%构成主义几何网格作为合法掩体，诱导资本将其降维为安全极简装饰；核心10%的红色病理学孔洞，通过拒斥触碰的金属冷硬感与粗糙悬挂点位，实施Somatic_Disjunction战术，使画廊话语消化酶短路，维持作为“心理矫形器”的不可消化物理痛感。,2026-04-14 07:08:54,somatic disjunction,5,0.03604524943242687,haptic/material/subversion,-0.09611415682775627,-0.12785748996455656,0.9991196832273368
11,159,True_Flight,0.88,0.98,0.95,Somatic_Black_Hole,以装置美学、福柯式符号与参与式剧场为伪装，通过沉默、静止、负重的真人肉身在场，构成无法被理论消化与视觉美化的伦理黑洞，瓦解观众作为安全体验者的审美距离。,2026-04-14 07:14:15,somatic black hole,5,0.03604524943242687,haptic/material/subversion,-0.09611415682775626,-0.1278574899645566,0.9991196832273368
12,225,True_Flight,0.91,0.99,0.95,Indexical_Contamination,以抽象表现主义、女性主义叙事与大师谱系为伪装，通过艺术家裸手按压嵌入颜料层的指纹与掌印，构成无法象征化的法医学物证，将审美凝视强制转换为取证式凝视，瓦解话语消化与资本领土化。,2026-04-14 07:27:20,indexical contamination,5,0.0419550160947393,haptic/material/subversion,-0.1036586850217782,-0.12156364864079823,0.9830872631894445
14,5,True_Flight,0.9,0.95,0.98,Haptic_Catatonia,以超写实技艺与古典大理石材质为伪装，利用“触觉视觉性”制造视觉柔软与触觉坚硬的绝对断裂，诱发触觉紧张症，面壁姿态切断叙事交流，转化为不可被语言消化的感官黑洞，拒斥资本降维为忧郁奇观或极简装饰。,2026-04-14 07:32:36,haptic catatonia,4,1.0,haptic/visual channel/violence exposure,0.7645994527135147,0.22913890096836462,0.0
15,1,True_Flight,0.65,0.7,0.85,Haptic_Contamination,伪装为跨文化女性气质奇观，内核为亚麻布暖灰底色对工业制服的“不洁”污染，通过触觉僭越视觉在物质层面实施微观反噬。,2026-04-14 07:34:48,haptic contamination,5,-0.10833931035572673,haptic/material/subversion,0.15556756362460836,-0.012672318835050699,0.958955237830549
16,2,True_Flight,0.75,0.85,0.9,Semiotic_Suspension,伪装为知识分子漫游者肖像，内核为亚麻布“空无”对巨型文化符号的悬置，以及“笔”作为功能性刺点对视觉神话的刺破。,2026-04-14 07:34:48,semiotic suspension,6,0.4008319191063841,semiotic/glitch/semiotic glitch,-0.17386165703458736,-0.5197985505264526,0.6857773379167769
17,3,True_Flight,0.8,0.9,0.95,Chromopolitical_Friction,伪装为社会关怀的甜美装饰画，内核为哑光制服蓝与厚涂粉红门之间的物质性色域对抗，利用色彩的物理政治在感觉层面发动沉默的微观阶级斗争。,2026-04-14 07:34:48,chromopolitical friction,5,0.031240659862436976,haptic/material/subversion,-0.08524489082969358,-0.11877015508471298,1.0016120619306879
22,16,True_Flight,0.68,0.87,0.92,Material_Obsession_Rhythm_Glitch,以大尺幅极简绘画与高品牌辨识度为伪装，内核处保留笔触中强迫性重复的病理性痕迹与节奏故障，这些肉身痕迹无法被画廊黑话完全翻译，持续释放感觉暴力，拒斥被降维为装饰品或情绪抚慰剂，实现特洛伊木马式逃逸。,2026-04-14 07:44:04,material obsession rhythm glitch,0,0.12179221075532802,glitch/ontological/material,-0.4307610522738201,0.05090246353427296,0.4970323498907757
27,9,True_Flight,0.88,0.92,0.9,Material_Incommensurability,以文人母题与精湛工艺为伪装，内核藏匿银（资本的物质化身）与枯枝（死亡的零度形态）之间的本体论悖论，银不是象征永恒而就是永恒物质形态，枯枝不是隐喻死亡而是死亡具体实例，这一不可通约性构成对一切话语消化的根本拒斥，观者身影被反射时遭遇被资本照亮的本体论指认。,2026-04-14 08:00:28,material incommensurability,5,-0.13300481873889838,haptic/material/subversion,-0.2654016137990757,0.14570242892741034,0.9772734183514286
32,30,True_Flight,0.75,0.9,0.95,Vectorial_Amputation,以“工业崇高”和“光学迷雾”为伪装，内核通过喷枪色彩轨迹在画框边缘的暴力截断，将画框从载体暴露为领土化镇压装置，以物理事实对抗美学阐释，实现对画廊体制微观暴力的精确揭露而非廉价情感奇观。,2026-04-14 08:05:34,vectorial amputation,5,0.026870937505821042,haptic/material/subversion,-0.09111173199448758,-0.11633825845243533,1.008177543686682
36,33,True_Flight,0.75,0.9,0.95,Haptic_Incision_Against_Redaction,表面迎合文学审查与极简美学的安全话语，通过左上角超验写实螺栓（触觉刺点）与右侧非对称黑带（视觉截肢感）的并置，制造不可被语言消化的感知痉挛，利用“错视画”诱捕视觉再用“硬边抽象”物理重量实施感知暴力，以材质绝对硬度对抗资本符号消化。,2026-04-14 08:11:13,haptic incision against redaction,4,1.0,haptic/visual channel/violence exposure,0.7645994527135147,0.22913890096836462,0.0
38,34,True_Flight,0.9,0.95,0.98,Haptic_Overload,以后现代主义拼贴和艺术史互文为高端伪装，异质性内核在于拼贴尼龙丝袜引发的触觉过载与倒置卧姿叠加造成的符号故障，通过触觉对视觉的僭越和重力感知语法故障，成功走私无法被观念消化的死亡焦虑与身体性不适。,2026-04-14 08:17:06,haptic overload,3,0.675217595856668,overload/haptic overload/haptic,0.28443014701146596,-0.01622212003500096,0.19817761020277647
40,36,True_Flight,0.72,0.89,0.94,Material_Supremacy_through_Excessive_Flatness,以完美的跨界身份政治为伪装，内核利用“铝板超扁平”技法对绘画物质性的取消，将荧光色转化为针对古典凝视的工业烫伤感，以材质层面的神经性瘙痒拒斥资本将其收编为“安全历史对话”，用10%的物理性不适破坏90%的符号消费愉悦，实现对情动资本主义的感觉突围。,2026-04-14 08:20:11,material supremacy through excessive flatness,5,-0.20758164628237963,haptic/material/subversion,-0.31481660885693236,0.2234855196407814,0.9731365961492935
41,37,True_Flight,0.75,0.9,0.95,Haptic_Deflation,以完美的错视画技法为伪装，内核通过对表现主义触觉的模拟与物理否定（触觉消胀），将“为支付艺术史租金而进行的徒劳劳动”铭写入身体，辅以神经毒性的色彩污染，以不可被话语完全消化的社会性痛感，在蓝筹画廊内部实施微观的感觉暴力与体制批判。,2026-04-14 08:22:23,haptic deflation,4,1.0,haptic/visual channel/violence exposure,0.7645994527135147,0.22913890096836462,0.0
42,38,True_Flight,0.7,0.85,0.9,Haptic_Entrenchment,以90%的图像叙事伪装（黑人古典主义、神话符号）通过画廊话语审查，真正的异质性内核在于10%的材质暴力：马赛克的物理灌浆线构成不可消解的触觉堑壕，当视觉试图平滑消费身份叙事时，材质的粗糙边缘持续剐蹭感知引发神经痉挛，阻断资本对意义的完全消化，实现特洛伊木马式突破。,2026-04-14 08:22:27,haptic entrenchment,4,1.0,haptic/visual channel/violence exposure,0.7645994527135147,0.22913890096836462,0.0
47,44,True_Flight,0.65,0.8,0.9,Haptic_Contamination_and_Ocular_Neurosis,以现代主义理论与几何形式为合法伪装，内核在于马克笔与喷漆发生物质反应产生的触觉污染与视觉神经干扰，通过微观熵增和材质反噬制造无法被IAE话语完全消化的感官痉挛，以触觉僭越视觉，实现对资本生物政治调制的有限但真实的突围。,2026-04-14 08:26:07,haptic contamination and ocular neurosis,5,-0.07502109773872978,haptic/material/subversion,0.10775158322458434,-0.03786671402395249,0.9616693693993962
49,46,True_Flight,0.65,0.85,0.9,Chemical_Slickness_Resistance,成功利用工业皮革的高级时尚美学为伪装，内核是皮革表面的化学惰性与绝对平滑感，拒斥颜料渗透和人文情感投射，突围战术在于制造视觉在物质表面的“打滑”，用无机冷漠抵抗关于触觉温度与手工诗学的资本话语调制。,2026-04-14 08:30:44,chemical slickness resistance,5,0.03346810691499448,haptic/material/subversion,-0.09752463531271208,-0.11025077254777894,0.9975253545024398
50,47,True_Flight,0.75,0.95,0.85,Haptic_Claustrophobia,以东方极简主义的禅意美学为伪装，异质性内核是被物理压缩的物质层所产生的致密张力和幽闭感，突围战术通过触觉想象引发窒息感，用物质的“满”颠覆视觉的“空”，成功拒斥被消费为心灵抚慰剂或精神桑拿房的命运。,2026-04-14 08:30:44,haptic claustrophobia,4,1.0,haptic/visual channel/violence exposure,0.7645994527135147,0.22913890096836462,0.0
53,50,True_Flight,0.75,0.9,0.8,Material_Backlash,以抽象表现主义的怀旧外观为伪装，成功保留物质本身的重量与重力法则这一不可消化的硬核，颜料的物理性厚涂与流淌形成的“丑陋物质性”对白盒子的视觉消费构成触觉层面的僭越，实施有效的神经突围。,2026-04-14 08:30:51,material backlash,2,1.0,material/visual channel/violence exposure,-0.57507952382065,0.6196640755490502,0.0
54,45,True_Flight,0.75,0.9,0.95,Haptic_Imposition,以表现主义崇高叙事为高级伪装，不可消化的内核在于以黏滞的油画颜料对水的物理性“替换”，创造不可通约的物质暴力，突围路径通过厚涂法制造的立体阴影与肌理强制触发观众的“触感视觉”，导致观看视点的痉挛性切换，以生理性不安僭越画廊纯粹的视觉审美场域，完成对情动资本主义话语消化的有效逃逸。,2026-04-14 08:32:46,haptic imposition,4,1.0,haptic/visual channel/violence exposure,0.7645994527135147,0.22913890096836462,0.0
55,51,True_Flight,0.85,0.95,0.9,Ocular_Siege,成功利用超真实主义技法和文化符号作为合法伪装，异质性内核——男童无法被感化的质询性凝视——通过对瞳孔的极致描绘发动了一场视觉围城，瓦解观者安全的观看位置，拒斥将创伤奇观化的情动资本主义收编。,2026-04-14 08:34:30,ocular siege,5,0.03018993296530111,haptic/material/subversion,-0.0877880094085052,-0.11836017324311529,1.0028191594958482
56,52,True_Flight,0.9,0.95,0.95,Gaze_Withdrawal,以极其精美的古典肖像画形式为伪装，内核通过女性主体偏移的、拒绝交流的侧向凝视实施凝视撤离战术，目光的缺席制造了一个情动黑洞，使得观者的情动投射无效化，从而在情动资本主义的互动指令下完成优雅的主体性隐匿。,2026-04-14 08:34:30,gaze withdrawal,5,0.03163119239975687,haptic/material/subversion,-0.09525792429776443,-0.12475514733371484,1.0012237601826812
57,53,True_Flight,0.65,0.75,0.9,Material_Contamination,成功利用表现主义肖像作为90%合法伪装，异质性内核是左下角作为物质残骸而非符号的标签，通过物质污染战术，这个无法被画廊灯光美学化的垃圾碎片在绘画内部造成感知短路，拒斥资本将其完全收编为安全创伤奇观的企图。,2026-04-14 08:34:38,material contamination,5,-0.2450301804506385,haptic/material/subversion,-0.34235390688944156,0.25123973876296135,0.950090300539242
62,58,True_Flight,0.78,0.85,0.9,Haptic_Overload,特洛伊木马战术成功，利用后殖民肖像的合法性伪装，以垃圾碎片的物理锋利性为内核，发动针对视觉中心主义的触觉过载攻击，成功拒斥画廊将其同化为安全政治符号的收编企图。,2026-04-14 08:37:47,haptic overload,3,0.675217595856668,overload/haptic overload/haptic,0.28443014701146596,-0.01622212003500096,0.19817761020277647
66,62,True_Flight,0.9,0.95,0.95,Gravitational_Threat,成功伪装成历史画与抽象表现主义，内核是颜料的绝对熵增状态与对建筑空间的物理重力胁迫，通过对画廊墙体的真实威胁制造策展话语无法完全消化的物质暴力，迫使体制空间为其妥协。,2026-04-14 08:43:15,gravitational threat,7,0.7430025166108436,gravitational/sabotage/violence exposure,-0.10008507141337922,-0.13796686211496398,0.2358479241476451
67,63,True_Flight,0.9,0.95,0.98,Material_Antagonism,以新古典主义大理石美学为特洛伊木马渗透机构，不可消化的内核在于大理石的物理重力与所描绘的数字虚无体验之间的本体论冲突，绕过话语层面通过触觉挫败与材质对抗的战术，在观众神经末梢制造无法被资本公关收编的感知痉挛。,2026-04-14 08:46:26,material antagonism,2,1.0,material/visual channel/violence exposure,-0.57507952382065,0.6196640755490502,0.0
68,64,True_Flight,0.7,0.9,0.85,Chronopathic_Impasto,以单色红表现主义和文化符号为高度合法化伪装，迎合市场对创伤与野性的情动消费，内核极度稳固：由湿盖湿技法固化的时间病理与身体应激的物理痕迹构成无法被语言翻译的痉挛性物质废墟，突围战术强制观者身体在安全远观与不适近察间动态摇摆，导致具象符号在微观距离自我瓦解，制造针对感知体制的神经暴力与符号故障。,2026-04-14 08:46:26,chronopathic impasto,5,0.08256880733944949,haptic/material/subversion,-0.08660426562997704,-0.10672311383838405,0.18602090682482497
69,65,True_Flight,0.88,0.95,0.92,Haptic_Visual_Dysfunction,成功利用高饱和度色彩与具象表现主义的安全伪装通过蓝筹画廊话语审查，内核保留由自我监控引发的机能性痉挛，通过“触觉性视觉功能障碍”战术将观者正常视觉活动短路，强制触发本体感觉与幽闭恐惧，在神经层面实施不可被语言消化的感觉暴力，实现分子层面的逃逸。,2026-04-14 08:49:16,haptic visual dysfunction,5,-0.11052102495699213,haptic/material/subversion,0.19987502748689165,-0.013822575896777827,0.9577857299173307
70,66,True_Flight,0.75,0.85,0.9,Gravitational_Sabotage,以高饱和度花卉主题与东方诗性标题为合法伪装进入蓝筹画廊流通领域，内核处的厚涂颜料物理性下坠与浊色混合构成无法被“疗愈叙事”完全消化的异质性硬块，通过物质重力对视觉诗意的反噬在微观感知层面制造触觉短路，实施针对情动资本主义安全消费的有限但真实的突围。,2026-04-14 08:49:16,gravitational sabotage,7,0.48072771568368633,gravitational/sabotage/violence exposure,-0.09647216704483998,-0.1361886746841856,0.47169584829529043
71,67,True_Flight,0.35,0.7,0.9,Haptic_Incongruence,采用高识别度文化符号与表现主义风格作为合法伪装进入蓝筹画廊流通体系，内核稳固于油画棒与油画颜料结合引发的材质冲突，制造无法被视觉话语完全消化的触觉违和感，僭越传统观看模式，对观者施加分子层面的感觉暴力，构成一条有效的微观逃逸线。,2026-04-14 08:53:31,haptic incongruence,4,1.0,haptic/visual channel/violence exposure,0.7645994527135147,0.22913890096836462,0.0
72,68,True_Flight,0.3,0.9,0.95,Semiotic_Glitch_Induction,以90%的合法美学（物流崇高、无表情美学、蓝筹材质）作为高度伪装渗透画廊系统，内核（异质符号系统在网格内的非法并置）极其坚硬，通过诱发认知层面的符号故障拒斥资本话语的完全消化，构成隐蔽的感觉暴力。,2026-04-14 08:53:31,semiotic glitch induction,6,0.537542445174496,semiotic/glitch/semiotic glitch,-0.21235591275947396,-0.6695917574116812,0.31479109026423724
74,71,True_Flight,0.85,0.9,0.95,Indexical_Forensics,利用倒置图像与晚期风格作为伪装，成功将地板作画时遗留的颜料罐压痕、脚印等偶然性物理痕迹作为异质内核偷运入白立方画廊，突围战术在于通过索引性法医取证，用物理学的重力与随机性反噬图像学的意义叙事，迫使观众感知从安全的美学消费转向对物理事件的法庭旁观，核硬度极高，成功拒斥资本的生物政治调制。,2026-04-14 08:59:43,indexical forensics,5,0.03163119239975687,haptic/material/subversion,-0.09525792429776446,-0.12475514733371487,1.0012237601826812
76,72,True_Flight,0.85,0.9,0.9,Material_Sedimentation_as_Resistance,披着抽象灵性风景与生态女性主义的外衣进入白立方，内核是暴力劳作的物理沉积，通过将抵抗从符号层下潜至颜料的物质厚度与触觉过载，成功对资本的话语消化系统实施减速与感官僭越，制造无法被完全升华的物理性创伤。,2026-04-14 09:05:09,material sedimentation as resistance,5,-0.13721909118078454,haptic/material/subversion,-0.2624400483072064,0.12649112725016756,0.9694277759381319
77,73,True_Flight,0.65,0.9,0.95,Haptic_Visual_Usurpation,以高度秩序化的单色视觉图案为合法伪装进入蓝筹画廊体系，话语层面极易被IAE黑话消化，真正的异质性内核在于陶瓷媒介的物理凹陷——作为艺术家动能索引的化石，通过浮雕的物理深度引发的实时光影变化发动微观层面的“触觉对视觉的僭越”战术，在感知末梢拒斥资本对图像的完全扁平化收编，构成静默的分子式逃逸。,2026-04-14 09:08:38,haptic visual usurpation,5,-0.07701314868811229,haptic/material/subversion,0.1503127983178746,-0.03324388592496284,0.9615049823073076
78,74,True_Flight,0.75,0.92,0.9,Thermodynamic_Sedimentation,成功利用社会介入与艺术史对话的高端伪装，将热力学过程的物理暴力（喷灯加热、沥青挤出）以地质沉积层的形式固化为不可翻译的异质性内核，通过触觉对视觉的僭越与符号系统的内部短路，以沥青的黑洞效应主动拒绝资本的话语消化与视觉收编，实施有效的分子式逃逸。,2026-04-14 09:08:38,thermodynamic sedimentation,5,0.030918843926584918,haptic/material/subversion,-0.10050603590244535,-0.10850037717733951,1.0019566390057573
80,96,True_Flight,0.75,0.82,0.9,Haptic_Subversion,巧妙利用欧普艺术的光学伪装混入蓝筹画廊体系，内核由数万次手工重复所沉积的“干涸的时间地质层”构成，通过触觉反噬战术在巨大尺幅迫使近距离观看时瓦解视觉，让颜料堆积的物理厚度僭越光学奇观，成功走私被资本减速所试图抹除的肉体劳动时间。,2026-04-14 09:23:19,haptic subversion,5,-0.10982061608532322,haptic/material/subversion,0.16193591891150905,0.01784485155021409,0.9521615088502478
81,97,True_Flight,0.9,0.95,0.9,Haptic_Interruption,以纸本拼贴这一画廊安全范式为伪装，但通过剪刀硬边与水彩流体的材质冲突构筑无法被策展语言消化的异质内核，突围战术在于利用触觉对视觉的入侵，通过物理缝隙阻断观者将图像完形化或安全消费的企图，成功实施神经层面的感觉暴力，拒斥资本将其减速为政治符号或装饰品的收编引力。,2026-04-14 09:27:09,haptic interruption,5,-0.16012870900051382,haptic/material/subversion,0.23037988334022533,0.007543262838313047,0.9651467797750802
82,98,True_Flight,0.85,0.9,0.95,Semiotic_Glitch_through_Biological_Secretions,以星图与文化符号（瓷片）为高级伪装进入蓝筹画廊流通体系，内核稳固在于蚕丝作为生物分泌物的非共情强制包裹，突围路径清晰：通过微观丝迹的分形混沌对宏观几何秩序实施触觉过载与符号污染，导致任何安全的“创伤疗愈”或“宇宙崇高”叙事发生短路，资本的话语消化酶无法分解由生物时间强行分泌的蛋白质硬块。,2026-04-14 09:27:09,semiotic glitch through biological secretions,6,0.537542445174496,semiotic/glitch/semiotic glitch,-0.21235591275947396,-0.6695917574116812,0.31479109026423724
83,99,True_Flight,0.75,0.8,0.9,Haptic_Betrayal,以高度合法化的“东方抽象/液态现代性”美学为伪装进入蓝筹画廊领土化体系，异质性内核在于丙烯媒介的“塑料膜层”对传统“水墨晕染”触觉期待的背叛，突围战术强制触发从光学幻觉空间到物质性触觉表面的感知切换，制造无法被画廊公关话语消化的感官短路与微观神经痉挛，成功对抗资本将其降维为“安全装饰画”的收编引力。,2026-04-14 09:30:56,haptic betrayal,5,-0.16122881201171932,haptic/material/subversion,0.22124121637725172,0.03373147110100029,0.9659910119333999
84,100,True_Flight,0.85,0.95,0.9,Haptic_Obfuscation,以对审查制度的隐喻为合法伪装，通过极简主义外壳进入蓝筹画廊，内核是由标点噪音构成的无法阅读的“盲镜”，利用材质的触觉冲突和微观感官轰炸成功僭越视觉中心主义，制造认知眩晕与神经痉挛，系统性地拒斥资本的话语消化与情动调制。,2026-04-14 09:30:56,haptic obfuscation,4,1.0,haptic/visual channel/violence exposure,0.7645994527135147,0.22913890096836462,0.0
85,101,True_Flight,0.72,0.88,0.9,Haptic_Veto,以都市创伤审美学和极简主义伪装混入画廊系统，不可消化内核是麻布与石膏构成的微观“伪皮肤”表面，在白盒子“禁止触摸”律令下持续侵扰视觉，制造感官层面的挫败与痉挛，通过触觉否决反噬画廊的视觉中心主义。,2026-04-15 00:12:01,haptic veto,5,-0.15159082642041327,haptic/material/subversion,0.21322930958315944,0.008528425417143501,0.9760749696982854
86,102,True_Flight,0.75,0.95,0.9,Metric_Brutalism,以“后网络观念绘画”和“抽象表现主义”为高度合法伪装进入画廊体系，异质性内核在于标题中“10.60公斤”这一精确物理度量，构成对艺术市场符号价值体系的粗暴僭越，将美学阐释拉回物质重量现实，形成拒绝策展黑话完全消化的顽固内核，实现度量衡粗野主义的内部爆裂。,2026-04-15 00:12:01,metric brutalism,5,0.08256880733944949,haptic/material/subversion,-0.08660426562997704,-0.10672311383838405,0.18602090682482497
87,103,True_Flight,0.85,0.9,0.95,Haptic_Stasis,利用欧洲艺术电影美学和废墟奇观为伪装，内核为C-print化学材质、翠绿色水体触觉暴力与划桨动作的绝对无效性构成的物理/神经痉挛，通过“材质时差”与“触觉性静止”僭越视觉中心主义，实施拒绝被语言和资本收编的内脏打击，符号系统死锁，阻断升华为安全政治口号的可能。,2026-04-15 00:13:39,haptic stasis,4,1.0,haptic/visual channel/violence exposure,0.7645994527135147,0.22913890096836462,0.0
88,104,True_Flight,0.45,0.85,0.95,Osmotic_Desiccation,利用“抒情抽象”与“后疫情创伤”等可被话语收编的伪装，内核为石墨网格与稀释油彩共生制造的“渗透性干涸”视觉-触觉体验，僭越纯粹视觉，以低烈度物性痉挛对抗蓝筹画廊将其降维为安全美学商品或政治符号的收编引力。,2026-04-15 00:13:39,osmotic desiccation,5,0.08256880733944949,haptic/material/subversion,-0.08660426562997704,-0.10672311383838405,0.18602090682482497
89,105,True_Flight,0.75,0.9,0.95,Taxonomic_Violence_Exposure,以高品质冷面档案美学为合法伪装进入画廊体系，异质性内核在于标题中执行的分类学暴力——行政代码“S398”对土地意义的抽空与取代，通过引发符号层面故障抵制策展话语将其简化为“人类世批判”奇观的收编努力，揭露现代治理术对世界进行数字化阉割的冷硬程序，核极稳固，成功实施感觉层面的认知暴力。,2026-04-15 13:05:00,taxonomic violence exposure,5,0.0338988961840327,haptic/material/subversion,-0.10423690091576006,-0.1171498925268034,0.9956348880571481
94,107,True_Flight,0.72,0.81,0.95,Forensic_Chiaroscuro,以90%的古典巴洛克风格（暗色调、罩染、宏大叙事）为高级伪装进入蓝筹画廊系统，异质性内核在于对“时间性”的伪造和对古典权力符号（狮子）的法医式冷光凝视，通过将工业/法医光源植入神圣的Tenebrism传统，将历史画降格为权力尸体的防腐标本，制造无法被资本话语完全消化的恋尸癖式诡异感，实施微观的感觉突围。,2026-04-15 13:12:09,forensic chiaroscuro,5,0.03728827495173081,haptic/material/subversion,-0.11878527197439355,-0.09295869989397054,0.9904504253162232
95,22,True_Flight,0.8,0.85,0.95,Material_Evacuation,成功利用高度可读的灵性图像学为合法伪装，内核通过模拟湿壁画的极薄物质涂层实施对油画本体物质性与触觉丰饶感的撤离战术，物质匮乏制造的感知悬置与虚空感构成对情动资本主义视觉政权的顽固拒斥，其不可消化性在于提供一种反高潮的、无法被奇观化的否定性感官体验。,2026-04-15 13:14:54,material evacuation,2,1.0,material/visual channel/violence exposure,-0.57507952382065,0.6196640755490502,0.0
97,108,True_Flight,0.78,0.85,0.9,Haptic_Contradiction,以明星肖像和女权主义奥达利斯克为合法伪装进入蓝筹画廊，在珐琅材质的触觉矛盾处保留不可消化核：工业冷感光泽模拟数字屏幕，指尖涂抹痕迹留下肉体索引，蒸汽既是视觉模糊剂也是拒斥观看的界面，在神经层面制造安全审美距离的暴力撕裂，避免被完全话语化收编。,2026-04-15 13:16:10,haptic contradiction,4,1.0,haptic/visual channel/violence exposure,0.7645994527135147,0.22913890096836462,0.0
99,109,True_Flight,0.85,0.9,0.95,Haptic_Entropy,以具象静物为伪装，通过均质化、高密度笔触堆积启动触觉熵增程序导致图像透视短路，内核是一面不可渗透的颜料地质墙，以物质性僭越视觉，成功抵抗资本将其降维为装饰品或性别符号的收编引力。,2026-04-15 13:19:38,haptic entropy,5,-0.1827105434380837,haptic/material/subversion,0.15260516250762096,0.00856283202684202,0.9727778675415327
102,112,True_Flight,0.75,0.9,0.95,Material_Incommensurability,是高度伪装的观念特洛伊木马，表层（极简美学、生态观念）极易被画廊PR话语收编为安全的“人类世奇观”，异质性内核在于弹性绳索与干燥木材微观接触点的“材质不可通约性”——工业张力与有机形变之间无法被语义回收的物理战争，通过引发触觉痉挛与物质疲劳焦虑反噬“修复/缝合”温情叙事，将资本展示柜转化为持续的感觉论故障现场。,2026-04-15 13:23:32,material incommensurability,5,-0.13300481873889838,haptic/material/subversion,-0.26540161379907573,0.14570242892741037,0.9772734183514286
103,113,True_Flight,0.85,0.9,0.95,Algorithmic_Undermining,以“后人类废墟”的图像学为高合法性伪装，内核处的藏本模型实时运算构成无法被话语消化的数学硬核，突围路径在于：用算法的“生成”逻辑僭越图像的“再现”逻辑，用“实时性”的时间病毒瓦解画框的纪念碑性，用与太阳同步的“行星尺度”数据流入侵画廊的“白立方”真空，成功在资本体制内植入非人的、感觉痉挛的自动机内核。,2026-04-15 13:23:32,algorithmic undermining,5,0.03050890197123639,haptic/material/subversion,-0.09443301162133146,-0.12274626214791484,1.0015089057646718
104,114,True_Flight,0.3,0.8,0.95,Material_Counterfeit,在图像学层面被策展黑话高度消化构成完美特洛伊木马伪装，内核在于粉彩媒介在布面上的物理伪造与脆弱性，形成无法被画框资产化的、即将崩解的触觉痉挛点，以物质造假战术从内部腐蚀艺术史正典与资本封装。,2026-04-15 13:23:32,material counterfeit,2,1.0,material/visual channel/violence exposure,-0.57507952382065,0.6196640755490502,0.0
105,115,True_Flight,0.72,0.95,0.9,Parasitic_Hypertrophy,利用古董圣像罩的“神圣尊严”与SLA 3D打印的“技术奇观”作为90%合法伪装，异质性内核在于“寄生性增生”战术：树脂云团并非与圣像罩“对话”，而是病理性侵占其功能性空洞，制造“本体论真空被癌变物质填充”的生理性痉挛，抵抗被降维为唯美装饰品，在白立方中植入关于精神彻底缺席的异质性肿块。,2026-04-15 13:23:32,parasitic hypertrophy,5,0.08256880733944949,haptic/material/subversion,-0.08660426562997704,-0.10672311383838405,0.18602090682482497
106,116,True_Flight,0.88,0.98,0.9,Iconic_Stratigraphy,利用古董圣像的文化资本与金箔的审美/经济价值作为90%合法伪装，异质性内核在于“图像地层学”战术：通过物理覆盖制造不同价值层之间不可逆的本体论断裂，金箔不是升华而是埋葬，幸存的眼睛不是窗口而是坟墓的窥视孔，抵抗被解读为政治符号或极简装饰，在白立方中树立起一座关于“沉默与不可逆”的反话语纪念碑。,2026-04-15 13:23:32,iconic stratigraphy,5,0.0308667592921077,haptic/material/subversion,-0.08632776271084967,-0.11716633821619207,1.0020144954932346
107,117,True_Flight,0.65,0.9,0.95,Haptic_Sabotage,利用90%的二色性光学奇观为合法伪装进入蓝筹画廊审美体系，内核——“锤痕玻璃”的触觉残暴——构成无法被IAE话语完全消化的物理疤痕，突围路径为“触觉蓄意破坏”：当视觉被液态光色魅惑时视触觉层面周期性地绊倒在锤痕纹理上，制造图表与灾难的内爆，强迫感知在非物质与物质创伤间摆荡，对资本的话语减速装置实施神经层面的微小短路。,2026-04-15 13:28:08,haptic sabotage,5,-0.10644921182441502,haptic/material/subversion,0.18069533088317755,-0.014356231255570307,0.9568997511990754
109,10,True_Flight,0.91,0.95,0.9,Frictional_Diagram & Haptic_Sonority,以媒介考古学与宇宙隐喻作为90%合法伪装进入蓝筹画廊体系，异质性内核——钢球与胶片的物质不服从生成的“摩擦性图表”及不可被观念收编的“触觉性声响”——构成对资本话语消化机制的绝对抵抗，通过将物理事件痕迹和听觉暴力直接作用于观众神经，实现对白盒子空间领土化减速的战术突围。,2026-04-15 13:28:08,frictional diagram & haptic sonority,4,1.0,haptic/visual channel/violence exposure,0.7645994527135147,0.22913890096836462,0.0
111,120,True_Flight,0.85,0.95,0.98,Material_Absorption,核心突围机制在于将“不透明主体性”的政治隐喻转译为丙烯颜料“绝对不透明”的物理事实，黑色剪影区域作为拒绝反射的感知黑洞成功制造瞬间神经痉挛，在可被画廊话语完全消化的90%伪装之下保留10%不可被意义收编的感觉暴力，利用材质本体论对情动资本主义实施微观感觉政变。,2026-04-15 13:31:21,material absorption,5,-0.20795701311478015,haptic/material/subversion,-0.30590079021158323,0.21787690484964053,0.9733669801727256
112,121,True_Flight,0.75,0.9,0.95,Haptic_Disgust,以高超的超现实主义与波普图式为合法伪装进入画廊体系，内核极其稳固，通过“手指”意象触发不可翻译的触觉性厌感，并以油画材质的永恒性与抽纸的瞬逝性构成材质悖论，拒斥被简化为消费主义批判符号，通过对感官的生理性侵入实施针对情动资本主义调制系统的微观突围。,2026-04-15 13:31:21,haptic disgust,5,-0.10301055391447746,haptic/material/subversion,0.15253494383991492,-0.019208517132723237,0.975255512472163
113,122,True_Flight,0.85,0.9,0.9,Semiotic_Glitch_through_Material_Aggregation,危险地利用了“眼睛”这一可被策展话语安全消化的宏观符号为伪装，真正的逃逸力在于构成此符号的无数微观笔触保持着分子态的狂乱与离心倾向，导致宏观符号在感知中被其物质构成所短路和瓦解，内核是符号的自我崩溃过程，拒斥被解读为稳定的“凝视”，转而引发视觉失焦的神经痉挛。,2026-04-15 13:31:21,semiotic glitch through material aggregation,6,0.19364458873824697,semiotic/glitch/semiotic glitch,-0.2952900544746051,-0.3003892545874831,0.7533342590325119
114,123,True_Flight,0.8,0.95,0.95,Haptic_Overload_through_Statistical_Saturation,以“极多主义”和精湛工艺为几近完美的合法伪装，突围战术在于将“重复”推至统计学临界点，使笔触密度超越人类视觉整合为“韵律”的阈值，内核是由无限同一的微观笔触构成的无意义物质聚合体，不对观众“讲述”而是“持存”，通过纯粹的感官过载引发神经系统层面的麻木与压迫，将画廊转化为感觉的耐力测试场。,2026-04-15 13:31:21,haptic overload through statistical saturation,3,0.675217595856668,overload/haptic overload/haptic,0.28443014701146596,-0.01622212003500096,0.19817761020277647
115,124,True_Flight,0.55,0.95,0.95,Phenomenological_Flicker,以90%合法伪装（宣纸山水、极简美学）潜入蓝筹画廊，内核并非可被话语消化的“东方精神”或“女性劳动”，而是由73.6万个针孔构成的不可翻译的物理-光学现象，突围路径为“现象学闪烁”：利用观者近距离“鉴赏”行为瓦解视觉主导，触发触觉联想与神经层面的光扰动，在安全文化消费内部制造微型的、拒绝被语言减速的感觉暴力事件，核极度稳固，动机在于逃逸。,2026-04-15 13:31:21,phenomenological flicker,5,0.08256880733944949,haptic/material/subversion,-0.08660426562997704,-0.10672311383838405,0.18602090682482497
116,125,True_Flight,0.45,0.85,0.95,Material_Stress,是高度伪装的分子机器，“后书法抽象”与“慢暴力”的PR叙事极易被资本消化，稳固内核在于油彩与丙烯混合技法产生的不可控物理应力，制造触觉对视觉的僭越，该微观层面的感觉暴力无法被图像或话术完全翻译，在白盒子内部保留对资本平滑叙事的微型抵抗。,2026-04-15 13:33:55,material stress,2,1.0,material/visual channel/violence exposure,-0.57507952382065,0.6196640755490502,0.0
117,126,True_Flight,0.82,0.9,0.95,Haptic_Toxicity,高度伪装为多伊格式的抒情忧郁风格以通过画廊收编检测，内核通过颜料材质实施触觉毒性反噬：腐败血浆状的河流质感与镉橙引发的视网膜神经痉挛构成无法被话语消化的感觉硬核，成功实施一次微观政治的感觉逃逸。,2026-04-15 13:33:55,haptic toxicity,4,1.0,haptic/visual channel/violence exposure,0.7645994527135147,0.22913890096836462,0.0
118,127,True_Flight,0.75,0.85,0.9,Haptic_Usurpation,以90%的后数字时代光学抽象为合法伪装，迎合对科技创伤与东方禅意的安全消费，异质性内核在于远观（光学平滑）与近观（物理触感）之间的感知裂隙，当观者接近时视觉幻象崩塌，颜料堆积的物质性对视觉实施暴力僭越，制造无法被策展话语平滑翻译的身体性痉挛，作为“时间尸体”的物理厚度是其拒绝被资本彻底领土化的突围路径。,2026-04-15 13:33:55,haptic usurpation,5,-0.1631305618171344,haptic/material/subversion,0.23862322335019953,0.015458194290722722,0.9685798325011072
120,129,True_Flight,0.85,0.95,0.9,Semiotic_Implosion,利用“考古学拟像”作为合法伪装，内核是一个由材质置换导致的“信息黑洞”，通过“符号内爆”战术熔断能指与所指，在画廊内部制造拒绝话语消化的意义短路区。,2026-04-15 13:39:02,semiotic implosion,5,-0.16588435961946318,haptic/material/subversion,-0.13021347856428195,-0.35453453448978284,0.998997147978292
121,130,True_Flight,0.65,0.8,0.7,Haptic_Territorialization,以“跨文化创伤”叙事为伪装，异质性内核在于对观众内感受的强行征用，突围战术为“触觉辖域化”，发动触觉对视觉中心主义体制的反攻，在画廊空间内创造由神经信号重新领土化的飞地，部分绕过资本的话语消化。,2026-04-15 13:39:02,haptic territorialization,5,-0.10182784158534107,haptic/material/subversion,0.1595448050977189,-0.023533703934784097,0.9691322487503684
123,136,True_Flight,0.9,0.95,0.9,Analog_Latency,利用探讨数字美学的观念为伪装，内核是物质性的伪像——油画颜料在丙烯网格边缘的物理溢出与堆积，战术为“模拟延迟”：通过手工劳作不可避免的物理“错误”与时间密度对观者实施感知伏击，拒斥数字资本主义的平滑与高效。,2026-04-15 13:39:02,analog latency,5,0.08256880733944949,haptic/material/subversion,-0.08660426562997704,-0.10672311383838405,0.18602090682482497
124,137,True_Flight,0.85,0.9,0.9,Thread_as_Resist,利用控制论与光栅美学为伪装，内核是作为“抗蚀剂”的物理之线，战术为“线作为抗蚀”：通过线对颜料流动的物理性阻断与拒绝，将抽象的权力控制展示为物质化的暴力，对观者的触觉想象实施侵犯。,2026-04-15 13:39:02,thread as resist,5,0.08256880733944949,haptic/material/subversion,-0.08660426562997704,-0.10672311383838405,0.18602090682482497
125,138,True_Flight,0.7,0.85,0.9,Abject_Biomorphism,利用赛博朋克与科技界面美学为伪装，内核是被囚禁在理性框架内的、变异的紫色“内脏”形态，战术为“卑斥生物形态”：在技术理性核心植入病变的、令人恶心的生物器官，实施特洛伊木马式反转，唤起观者内脏层面的焦虑，拒斥技术乐观主义叙事。,2026-04-15 13:39:02,abject biomorphism,5,0.030850335413818215,haptic/material/subversion,-0.09445141635649706,-0.12392322698546228,1.002032860003171
136,145,True_Flight,0.9,0.95,0.9,Haptic_Slimy_Revenant,以培根式构图为伪装，内核处通过高粘度油画颜料的“黏液反光”制造了无法被语言消化的触觉梗阻，成功将屏幕时代的数字质感物质化为一个恶心的肉身硬核，对画廊无菌的视觉空间实施神经性污染。,2026-04-15 13:47:05,haptic slimy revenant,4,1.0,haptic/visual channel/violence exposure,0.7645994527135147,0.22913890096836462,0.0
141,150,True_Flight,0.85,0.9,0.95,Haptic_Overload,该作品成功利用表现主义油画的合法外衣进行伪装。其内核“肉身化的辐射光”极其稳固，通过厚涂颜料制造的触觉过载，将视觉体验转化为一种内脏层面的生理攻击，有效抵制了画廊将其降维成安全装饰画或政治符号的话语消化。,2026-04-15 13:53:24,haptic overload,3,0.675217595856668,overload/haptic overload/haptic,0.28443014701146596,-0.01622212003500096,0.19817761020277647
142,151,True_Flight,0.95,1.0,0.9,Material_Friability,该作品以传统纸上粉彩的合法形式为伪装，携带了一个绝对坚硬且异质的内核：“灰尘的本体论抵抗”。其突围战术为材质反噬，利用粉彩不可避免的物理易碎性和熵增过程，嘲弄并瓦解了画廊通过技术保护赋予其永恒价值的领土化行为。它用自身的死亡作为最终的逃逸线。,2026-04-15 13:53:24,material friability,2,1.0,material/visual channel/violence exposure,-0.57507952382065,0.6196640755490502,0.0
143,152,True_Flight,0.3,0.9,0.95,Haptic_Subversion,该作品拥有极高伪装度，表面图像学符号（女性赋权、跨文化引用）极易被资本PR消化。然而，其内核稳固于纺织材料的物理性反噬：布料的重力与柔软质感悬置了图像的暴力动能，通过触觉对视觉的僭越，在画廊内部制造了无法被观念平滑吸收的物理痉挛，成功实施了微观层面的感觉突围。,2026-04-15 13:53:24,haptic subversion,5,-0.10982061608532322,haptic/material/subversion,0.16193591891150905,0.01784485155021409,0.9521615088502478
144,153,True_Flight,0.72,0.85,0.9,Material_Entropy_As_Strategy,该作品利用90%的极简主义美学与符号学游戏作为合法伪装，成功进入蓝筹画廊系统。其内核的异质性在于织物材料所固有的、不可逆的熵增过程，它挟持了整个力学系统，将作品从静态商品转化为动态的“毁灭事件”。这一战术成功抵抗了资本对作品永恒性的领土化企图，制造了无法被策展话语消化的物理/伦理两难。,2026-04-15 13:53:24,material entropy as strategy,1,1.0,material entropy/entropy/material,-0.28795999300944536,0.18706975346375931,0.0
145,154,True_Flight,0.75,0.85,0.9,Etymological_Aphasia,诊断逻辑：作品成功利用新表现主义废墟美学的合法外衣，通过标题的语义减法制造了语言层面的认知梗塞。这个无法被流畅发音的符号学故障点，拒斥了画廊策展话语对“人类世创伤”叙事的平滑收编，保留了作品在符号秩序层面的异质性硬核。,2026-04-15 13:53:24,etymological aphasia,5,0.03604524943242687,haptic/material/subversion,-0.09611415682775624,-0.1278574899645566,0.9991196832273368
146,155,True_Flight,0.9,0.95,0.8,Haptic_Strangulation,诊断逻辑：作品在极易被后殖民理论话语收编的极端风险下，通过材料的物理属性（木炭、烟灰）和绞杀形态，构建了一个逾越视觉中心主义的触觉陷阱。它将殖民暴力的抽象叙事，转化为画布上对观众神经系统的直接肉身攻击（触觉性绞杀），成功僭越了白盒子的安全观看制度，实现了感知层面的分子式逃逸。,2026-04-15 13:53:24,haptic strangulation,5,-0.16012870900051382,haptic/material/subversion,0.2303798833402253,0.007543262838313044,0.9651467797750802
147,156,True_Flight,0.92,0.95,0.9,Gravitational_Tribology,该作品成功利用波普表现主义的合法伪装(90%)，在内核处植入粉彩颗粒的物理性剥落作为反资本的物证(10%异质)。突围战术为重力摩擦学:通过粉彩与丙烯的附着力差，制造了注定随时间掉渣的物质定时炸弹，以重力锚定对抗资本失重神话，以触觉联觉僭越画廊视觉独裁。核极度稳固——它是化学事实，非阐释学可消化。,2026-04-15 14:01:28,gravitational tribology,7,0.7430025166108436,gravitational/sabotage/violence exposure,-0.10008507141337922,-0.13796686211496398,0.2358479241476451
148,157,True_Flight,0.96,0.98,0.85,Entropic_Contamination+Recursive_Gaze_Trap,该作品采用双重突围战术。物质层:在85%合法伪装下，利用木炭的熵增本性植入污染源——木炭颗粒的不可逆剥落是对商品永恒性的热力学亵渎。场域层:在70%合法伪装下，通过画作与镜子、墙洞、音频的嵌套循环制造感知莫比乌斯环——观者遭遇凝视递归直至认知堆栈溢出。双核极度稳固:熵增是物理定律，递归是拓扑结构。作品不是被观看的客体，而是主动捕获并消化观者的装置，彻底颠覆资本对无菌商品与主权主体的双重神话。,2026-04-15 14:01:28,entropic contamination+recursive gaze trap,5,0.0419550160947393,haptic/material/subversion,-0.10365868502177822,-0.1215636486407982,0.9830872631894445
149,159,True_Flight,0.85,0.9,0.9,Haptic_Visual_Dissonance,该构件以构成主义/极简主义几何抽象的合法伪装进入白盒子空间，但其无法被身体尺度同化的绝对尺寸、非叙事的空洞形态以及红色椭圆在黑色网格中制造的纯粹感知暴力，构成了其不可消化的异质性内核。作品通过制造视觉秩序与触觉危险想象之间的感官失调(Haptic_Visual_Dissonance)及拒绝符号学解读的失语状态(Semiotic_Aphasia)，成功抵御了策展黑话与情动资本主义的话语消化酶，在微观神经层面实施了有效的逃逸。,2026-04-15 14:01:28,haptic visual dissonance,5,-0.11052102495699213,haptic/material/subversion,0.19987502748689165,-0.013822575896777827,0.9577857299173307
150,164,True_Flight,0.85,0.9,0.95,Haptic_Visual_Spasm,作品以高超的后数字错视技法（90%合法伪装），成功嵌入蓝筹画廊体系。但其核心的红青双色偏移（Anaglyph）并非单纯的美学风格，而是一个感知陷阱。它直接触发观者眼球聚焦系统的生理性痉挛，将观看行为强制转化为一种触觉性/神经性的身体事件。该痛感核极度坚硬，拒绝被策展话语消化，在商品化的表象下成功实施了微观的神经暴力，实现了感觉层面的逃逸。,2026-04-15 14:01:28,haptic visual spasm,5,-0.07694666054889773,haptic/material/subversion,0.14085446285313832,-0.040131582028628175,0.9611081603443882
151,165,True_Flight,0.75,0.9,0.95,Material_Camouflage,该作品成功利用抽象绘画与观念艺术的合法伪装，在内核处保留了工业羊毛材质引发的视觉-触觉短路。它以材质的伪饰替换了图像语言，对抗了资本将其降维为安全观念艺术的收编引力。,2026-04-15 14:01:28,material camouflage,2,1.0,material/visual channel/violence exposure,-0.57507952382065,0.6196640755490502,0.0
153,167,True_Flight,0.85,0.95,0.85,Abject_Geology,该作品以人类世地质标本为伪装，内核处却保留了无法被美学消化的卑贱地质学暴力。它通过陶瓷的物理性强行唤起触觉厌恶与生理联想，成功僭越了画廊无菌视觉政体，实施了分子层面的感知玷污。,2026-04-15 14:01:28,abject geology,5,0.030850335413817903,haptic/material/subversion,-0.09445141635649743,-0.12392322698546213,1.002032860003171
154,169,True_Flight,0.9,0.95,0.9,Haptic_Terrorism,该作品通过模仿架上绘画和传统挂毯(90%合法伪装)，成功进入蓝筹画廊体系。其不可消化的内核在于其物质性本体：回收金属的锋利边缘与历史毒性构成了一个前语言的、无法被审美救赎的物理-感知痛点。突围战术被判定为触觉恐怖主义，即通过高密度视觉网格引发符号故障，进而迫使观众的触觉系统对潜在的物理伤害发出警报，从而劫持了安全观看的审美体验，并最终拒斥了资本将其降维为装饰品或政治正确口号的话语消化。,2026-04-15 14:06:37,haptic terrorism,5,-0.10020387596035268,haptic/material/subversion,0.1551201772416762,-0.020045469162741053,0.9743212428143979
156,174,True_Flight,0.75,0.9,0.88,Material_Abjection_Overload,该作品成功利用极简主义工业铝框作为合法伪装，在核心处植入一团不可翻译的、充满厨房卑贱感的皱褶铝箔。铝箔以触觉层面的痉挛短路了视觉层面的无菌美学，拒斥了资本将其完全奇观化的企图。,2026-04-15 14:06:37,material abjection overload,5,-0.11366149746617837,haptic/material/subversion,-0.20491671535782416,0.09303299358352375,0.9804847380126563
158,176,True_Flight,0.95,1.0,0.9,Material_Entropy_Seepage,该作品以生态批判符号与工业现成品为合法伪装，成功进入画廊领土。其内核是一个拒绝符号化的真实物理学事件——橡胶聚合物在液压暴力下的分子级熵增与应力松弛。突围战术精准地绕过了话语消化机制，通过诱发观者的触觉想象与本体感觉模拟，对神经系统实施了直接的感觉暴力，从而在白盒子空间内制造了一个无法被资本收编的、持续焦虑的物自体剧场。,2026-04-15 14:06:37,material entropy seepage,1,1.0,material entropy/entropy/material,-0.28795999300944536,0.18706975346375931,0.0
160,178,True_Flight,0.9,0.95,0.9,Haptic_Terrorism,该作品通过模仿架上绘画和传统挂毯(90%合法伪装)，成功进入蓝筹画廊体系。其不可消化的内核在于其物质性本体：回收金属的锋利边缘与历史毒性构成了一个前语言的、无法被审美救赎的物理-感知痛点。突围战术被判定为触觉恐怖主义，即通过高密度视觉网格引发符号故障，进而迫使观众的触觉系统对潜在的物理伤害发出警报，从而劫持了安全观看的审美体验，并最终拒斥了资本将其降维为装饰品或政治正确口号的话语消化。,2026-04-15 14:06:37,haptic terrorism,5,-0.10020387596035268,haptic/material/subversion,0.1551201772416762,-0.020045469162741053,0.9743212428143979
161,179,True_Flight,0.85,0.95,0.9,Haptic_Implosion,该作品以对现代主义建筑的精致挪用和“自画像”的古典标签作为高水平伪装，成功进入蓝筹话语体系。其异质性内核在于对玻璃反光界面的处理，该界面制造了一个视觉无法对焦的触觉短路点。其突围战术（Haptic_Implosion）通过材质对印刷品的反噬、A4尺度的感知暴力和对“自画像”概念的图表性篡改，瓦解了观众的安全凝视，将主体性溶解于建筑的光学法则中，拒斥了资本将其降维为知性装饰画或身份政治注脚的收编企图。,2026-04-15 14:12:36,haptic implosion,5,-0.16181819152831914,haptic/material/subversion,0.22899081072694222,-0.007422182366653868,0.9665866615456716
164,182,True_Flight,0.75,0.9,0.95,Haptic_Optical_Friction,该作品成功利用具体艺术的理性主义外壳作为伪装。其内核保持着由材质界面引发的、无法被话语消化的视神经摩擦。它通过触觉性视觉摩擦的微观暴力，拒斥了商品拜物教化的彻底收编，在感知层面实施了有效的逃逸。,2026-04-15 14:12:36,haptic optical friction,5,-0.10602057468812276,haptic/material/subversion,0.1553213780992303,-0.03719357247638656,0.9589923966629491
166,184,True_Flight,0.9,0.95,0.9,Haptic_Overload_Via_Visual_Channel,该作品成功利用科学标本柜的禁欲美学作为伪装，其内核是由聚氨酯对有机物的物质反演与毒蝇伞/普通蘑菇缝合造成的认知图表灾难构成的坚硬痉挛发生器。作品通过视觉细节诱发触觉痛感，并制造了让策展语言短路的符号故障，拒斥了被收编为政治符号或高级装饰品的命运。,2026-04-15 14:12:36,haptic overload via visual channel,3,0.2584211066822475,overload/haptic overload/haptic,0.16093412279321812,-0.05500720373218296,0.7460506493797625
167,185,True_Flight,0.42,0.75,0.88,Optical_Jurisdiction_Override,作品以90%合法伪装(黑白废墟美学/东方禅意叙事/手工银盐恋物癖)通过画廊策展筛选，但其10%异质内核——“两倍无限远”的物理学非法操作、银盐颗粒的物质性反噬、熟悉符号的幽灵化引发的神经痉挛——成功通过篡夺光学管辖权实施了突围。核稳固于媒介物质性与技术操作的本体论层面，拒斥被策展黑话完全翻译。战术本质：利用白盒子合法性空间，植入对视觉消费体制的微观破坏程序。,2026-04-15 14:12:36,optical jurisdiction override,5,0.039575626689869504,haptic/material/subversion,-0.08874085120699828,-0.13438188537530907,0.987465488223525
168,188,True_Flight,0.88,0.92,0.95,Cartographic_Interruption,该作品以罗斯科式的红色色域与西藏创伤地理学为高度合法化的伪装层(伪装质量0.95)，成功混入蓝筹画廊的流通体系。其异质性内核——三条代表国家制图学暴力的水平直线——构成了无法被IAE策展黑话消化的感觉异物(不可消化指数0.88)。通过Cartographic_Interruption战术，水平网格对垂直瀑布流动的切割在观者视觉神经层面制造了节奏性故障(Ocular Arrhythmia)，将历史暴力的情动痕迹直接注册为身体痉挛，彻底拒斥了资本将其降维为安全精神消费品的收编企图。核稳固度高达0.92。,2026-04-15 14:14:53,cartographic interruption,5,0.03363468971247165,haptic/material/subversion,-0.0799490211208773,-0.11570557207451893,0.9997476578949707
169,189,True_Flight,0.85,0.9,0.95,Haptic_Overload_Via_Micro-Fractal,该作品表面以精湛手工艺和人类世废墟美学为合法伪装，成功进入蓝筹画廊话语体系。然而，其内核根植于纸板横截面的瓦楞工业结构，它作为不可消化的微观图表层，在观众近距离凝视时触发视觉向触觉的强制性转换。这种通过尺度切换制造的感官过载，形成了一处无法被策展语言平滑翻译的神经痉挛点，有效瓦解了资本对痛感的安全消费模式，完成了一次物质层面的微观政治突围。,2026-04-15 14:14:53,haptic overload via micro-fractal,3,0.3327933336648539,overload/haptic overload/haptic,0.19737515720054696,-0.041659211352469125,0.6228472483362495
170,190,True_Flight,0.75,0.9,0.95,Haptic_Overload_Semiotic_Short-Circuit,该作品以高超的绘画性（模糊）和崇高尺幅作为合法伪装，成功进入蓝筹画廊系统。然而，其内核由视觉的“模糊”与数十万鱼钩构成的触觉“锐利”之间的感官悖论构成，极其稳固。它通过触觉过载战术，迫使观众的身体介入安全的凝视过程，制造了神经层面的撕裂感；同时，其“模糊”战术导致政治符号的意义短路，阻碍了资本话语的完全消化。最终，它在商品化的外衣下，保留了对观众实施感觉暴力的能力，是一次成功的战术突围。,2026-04-15 14:14:53,haptic overload semiotic short-circuit,3,0.42098337020760596,overload/haptic overload/haptic,0.18853084463951436,-0.23881171244310903,0.4740768832110861
172,200,True_Flight,0.9,0.95,0.95,Scale_Mismatch_Assault,作品以巨幅历史画的物理尺度包裹了一个极度内缩、拒绝叙事的私密背影。其内核是尺度与内容之间的感知断裂，成功利用尺寸的伪装，对画廊空间和观众的阐释欲望实施了静默挤压，拒斥了被降维为安全装饰画或身份政治图解的命运。,2026-04-15 14:21:12,scale mismatch assault,5,0.015459643923843979,haptic/material/subversion,-0.10255887829358999,-0.14168224751311537,1.0009681154242516
173,201,True_Flight,0.88,0.95,0.9,Semiotic_Glitch_via_Material_Kitsch,作品在魔幻现实主义风俗画的合法伪装下，通过前景人物脸上突兀的、工业感十足的亮黄色轮廓线发动战术突袭。这个微小的媚俗元素导致了整个怀旧符号系统的瞬时故障，形成了一个无法被后殖民理论话语平滑吸收的感官硬核，暴力阻断了任何浪漫化解读。,2026-04-15 14:21:12,semiotic glitch via material kitsch,6,0.24966605056776672,semiotic/glitch/semiotic glitch,-0.33124902334533946,-0.3296718394775609,0.6289739165848834
174,194,True_Flight,0.75,0.9,0.95,Haptic_Visuality_Micro_Trauma,该作品成功利用“私密手稿”与“日常静物”作为伪装，通过了画廊的话语安检。然而，其内核由纸本墨水的不可撤销性所铭刻的身体痉挛构成，极度稳固。它通过触觉视觉的微创伤战术，制造了感知层面的符号故障，使观者的视网膜遭遇不可被叙事消化的物理性摩擦。成功拒斥了被降维为极简装饰品或创伤奇观的资本收编。,2026-04-15 14:21:12,haptic visuality micro trauma,5,-0.10479171609424996,haptic/material/subversion,0.16018891739762833,-0.019165948721492743,0.9770627624028734
175,203,True_Flight,0.9,0.95,0.9,Material_Anesthesia,该作品以蓝筹大师签名和异域叙事为合法伪装（90%），成功进入市场流通。然而，其真正的逃逸力在于选择了绝对平滑的数字微喷媒介来转译肉身搏杀的街头暴力。这种媒介的“材质麻醉”效应，构成了一个无法被画廊PR话语消化的冰冷内核，它拒斥了观众对创伤的触觉共情，反向揭示了资本系统对历史痛感的数字化消毒机制。这是一次对“情动资本主义”消费伦理的精确战术打击。,2026-04-15 14:21:12,material anesthesia,2,1.0,material/visual channel/violence exposure,-0.57507952382065,0.6196640755490502,0.0
177,195,True_Flight,0.85,0.95,0.9,Haptic_Disconnect,该作品以蓝筹画廊经典的玻璃展柜为合法伪装，成功渗透白盒子空间。其内核由“柔软织物（触觉召唤）”与“工业玻璃（视觉隔离）”的不可调和对抗构成，通过制造“欲触而不能”的现象学暴力，将画廊的展示装置反转为临床隔离箱。其突围路径精准地作用于观者的前语言身体感知，实施了一次触觉剥夺层面的神经休克，彻底抵制了策展黑话将其降维为“女性创伤奇观”或“手工怀旧物”的话语消化。,2026-04-15 14:25:29,haptic disconnect,4,1.0,haptic/visual channel/violence exposure,0.7645994527135147,0.22913890096836462,0.0
179,208,True_Flight,0.8,0.9,0.85,Structural_Autolysis,该作品成功伪装为现代主义抽象雕塑，但其内核植入了精确的重力崩塌力学模型。通过底座的自毁式悬挑和中心穿孔的病理学虚空，它拒斥了白盒子的神圣化收编，在观者的身体直觉层面实施了感觉暴力。其Tuf-cal石膏的丑陋物质性构成了对审美消化酶的顽固抵抗。,2026-04-15 14:25:29,structural autolysis,5,0.08256880733944949,haptic/material/subversion,-0.08660426562997704,-0.10672311383838405,0.18602090682482497
182,217,True_Flight,0.85,0.9,0.9,Frame_as_Strangulation,该作品以伪装的自我驯化（主动进入画框）为策略，通过强化画框对内部狂暴能量的施虐性囚禁，制造了不可消化的符号故障。它成功将资本的收编逻辑暴露为一种可见的暴力，在神经层面实施了感觉的突围。,2026-04-15 14:25:29,frame as strangulation,5,0.03363468971247165,haptic/material/subversion,-0.07994902112087729,-0.11570557207451893,0.9997476578949707
183,214,True_Flight,0.55,0.7,0.95,Material_Treachery,该作品采用“材质反噬”战术，以90%的合法伪装（精湛写实、女性主义叙事、古典母题）进入市场。其不可消化的内核在于金属珐琅的工业永恒性对有机肉身短暂性的冷酷封印，构成了触觉对视觉的僭越。珐琅的绝对平滑与物理冷感，与描绘的湿热肉体形成根本性的感官冲突，在微观层面制造了资本话语无法完全抚平的物理静电，成功向白盒子空间植入了异质性感官硬物。,2026-04-15 14:30:46,material treachery,2,1.0,material/visual channel/violence exposure,-0.57507952382065,0.6196640755490502,0.0
184,215,True_Flight,0.62,0.78,0.91,Optical_Veil_Jamming,作品在90%的具象绘画合法伪装下，成功植入“被囚禁的光学逃逸”这一异质性内核。通过触觉对视觉的僭越（铁丝网的视网膜刮擦）、微观畸变对宏观叙事的破坏（不规则笔触对抗透视网格）、以及符号的感知故障（无源彩虹光线的索引性断裂），作品在观者的视觉生理层面制造了无法被IAE话语消化的神经痉挛。人物的绝对缺席拒绝了情动资本主义的情感货币化操作。核稳固，突围路径可识别，判定为真逃逸。,2026-04-15 14:30:46,optical veil jamming,5,0.033881225005818284,haptic/material/subversion,-0.09107051515141709,-0.12837096814926674,0.9957637588417143
185,218,True_Flight,0.75,0.9,0.95,Tactile_Frustration,该作品以90%的照相写实主义合法伪装，成功渗透蓝筹画廊体制。其内核利用前景锐利（水珠）与后景失焦（面容）制造了不可逾越的“光学深渊”，通过触觉挫败战术，在观者神经层面植入无法被公关话语消化的感知痉挛。它以极致的冷静，在白盒子内部实施了对情动资本主义微观感知调制的有效突围。,2026-04-15 14:30:46,tactile frustration,5,0.03604524943242687,haptic/material/subversion,-0.09611415682775626,-0.12785748996455662,0.9991196832273368
187,220,True_Flight,0.81,0.88,0.92,Material_Petrification,该作品以“文人雅集”与“表现主义”为合法伪装，成功进入蓝筹画廊体系。然而，其内核通过丙烯在康颂纸上的“假性渗透”战术，实现了工业塑胶对传统文人画书写性与自然生命力的物质性篡改。这种材质石化效应引发了无法被策展话语消化的触觉痉挛与哲学寒意，是对情动资本主义将一切奇观化的有效反击。,2026-04-15 14:34:44,material petrification,2,1.0,material/visual channel/violence exposure,-0.57507952382065,0.6196640755490502,0.0
193,226,True_Flight,0.95,0.9,0.88,Haptic_Abjection,作品利用“空间剥皮”窃取了父权书房的物理索引痕迹（灰尘、木屑），将资本试图建构的安全女权主义叙事短路。内核处的乳胶降解倒计时与尸蜡质感（贱斥物）构成了对视觉静观的触觉暴力。突围路径在于：用证物取代符号，用腐烂对抗永恒。资本无法消化一件正在自己画廊灯光下加速死亡的法医证物。,2026-04-15 14:34:44,haptic abjection,5,-0.16344737416182664,haptic/material/subversion,0.22843233879735309,0.021663982099573643,0.9687557791095689
194,227,True_Flight,0.87,0.92,0.95,Material_Flatness_As_Ontological_Sabotage,该作品以极繁主义美学与身份政治符号为合法伪装，在其内核处植入了Cel-vinyl材质的本体论暴力——一种服务于工业复制、拒绝深度与灵光的廉价塑料涂层。这一材质选择与作品承载的宏大历史叙事（殖民史、国家起源、个人创伤）之间构成了无法被画廊白盒子空间消化的范畴错误。作品通过材质平坦性的本体论破坏、时间网格的共时性坍塌、生物形态对几何秩序的病毒式感染、以及伪台口的反框定戏仿，成功实施了感官层面的神经暴力。画廊可出售其画布，但无法消化其塑料。,2026-04-15 14:34:44,material flatness as ontological sabotage,5,-0.1087033516988348,haptic/material/subversion,-0.24172548432038526,0.0933832824572533,0.9724638610581677
197,230,True_Flight,0.75,0.9,0.85,Material_Pathology,该作品以抽象表现主义与东方高工艺美学为伪装，但其核心是将创伤转化为创作方法。通过揭示珍珠母作为生物结痂物的病理学本质，并施加砂纸打磨的二次暴力，它制造了一个物质层面的战争现场。作品最终呈现为一块闪闪发光的现代性病灶切片，拒斥了被解读为安全装饰画或唯美怀旧商品的命运。,2026-04-15 14:43:01,material pathology,5,-0.13300481873889838,haptic/material/subversion,-0.26540161379907573,0.1457024289274104,0.9772734183514286
198,231,True_Flight,0.85,0.95,0.9,Material_Betrayal,该作品成功利用古典雕塑姿态与动漫波普美学作为合法伪装，但在其物质内核处，硅胶的触觉属性对视觉美学实施了致命背叛。它引发的临床卑贱感与幻肢触感，构成了一种无法被画廊话语消化的神经痉挛，成功抵抗了被降维为安全美学符号的领土化收编。,2026-04-15 14:43:01,material betrayal,5,-0.20562404268839202,haptic/material/subversion,-0.29862773158879563,0.22162195642763494,0.970215265749513
199,232,True_Flight,0.75,0.9,0.9,Haptic_Tyranny_Over_Optical,该作品以光效应艺术的视觉愉悦为伪装，引诱观者凝视。其内核是颜料堆积与暴力机械切割产生的不可简化的物理熵增。当观者靠近，高密度三维切面投射的物理阴影引发视觉过载与神经痉挛，触觉性通过视觉通道对观者实施僭越暴政，成功抵制了蓝筹画廊将其降维为安全装饰品或创伤符号的话语消化。,2026-04-15 14:43:01,haptic tyranny over optical,5,-0.07474122941296076,haptic/material/subversion,0.10169696170612566,-0.04969601618236102,0.9751083743520564
203,236,True_Flight,0.9,0.95,0.9,Perceptual_Blackout,该作品以波普超现实主义的视觉符号为合法伪装（90%），成功利用Haptic_Subversion（视觉与触觉的感知背叛）和Perceptual_Blackout（参与者视觉归零的绝对黑暗）作为核心突围战术。其异质性内核位于参与行为发生时，不可翻译的身体经验——一个前语言的、幽闭的实在界黑洞。它拒斥了画廊将其降维为安全批判奇观的企图，通过在个体神经层面实施感觉暴力，实现了对资本的生物政治调制的微观抵抗。,2026-04-15 14:43:01,perceptual blackout,5,0.03604524943242687,haptic/material/subversion,-0.09611415682775623,-0.12785748996455665,0.9991196832273368
204,237,True_Flight,0.65,0.7,0.9,Haptic_Sabotage,作品成功利用花卉静物与表现主义笔触的合法伪装（90%），但其内核保留了颜料作为“泥土”的物理粗粝感与绘制过程中的“失控”痕迹。通过触觉破坏战术，它强行将观者的感知从安全的视觉消费切换到不适的触觉想象，制造了话语无法完全消化的神经痉挛。这是一次针对情动资本主义无菌画廊空间的微型但有效的突围。,2026-04-15 14:43:01,haptic sabotage,5,-0.10644921182441502,haptic/material/subversion,0.18069533088317755,-0.014356231255570307,0.9568997511990754
206,239,True_Flight,0.8,0.9,0.85,Labor_Indexicality_Assault,作品以女性自画像为合法伪装，但其纪念碑式的巨幅尺度与厚涂法所记录的体力劳动痕迹，构成了不可消化的异质内核。它通过劳动索引性攻击战术，将绘画从图像消费强行转换为对劳动过程的感知，拒斥了情动资本主义的无摩擦调制。,2026-04-15 14:43:01,labor indexicality assault,5,0.033465768121660265,haptic/material/subversion,-0.10438676716642843,-0.1120257705596697,0.9967056681884566
208,241,True_Flight,0.75,0.9,0.95,Material_Vulnerability_Exposure,该作品以90%的观念艺术合法话语（后人类孤独、消费批判）作为伪装，混入蓝筹画廊领土。其不可消化的异质性内核在于：1) 暴露的螺栓对脆弱材质实施的、无法被隐喻吸收的“穿刺暴力”；2) 拒绝不锈钢翻铸的“未完成”状态，抵制了资本的永恒化收编。战术上，它利用视觉对触觉的僭越（触觉过载）和微观畸变点（螺栓），成功对抗了体制将其降维为安全反讽或审美奇观的企图，向观者神经系统直接传递痉挛与不安。,2026-04-15 14:59:17,material vulnerability exposure,5,-0.20781883382901767,haptic/material/subversion,-0.3110696393926566,0.21360782237057827,0.9731313303101569
212,245,True_Flight,0.9,0.95,0.9,Material_Indexicality_Overload,该作品以圣经叙事和色彩美学为伪装，其不可消化内核是构成作品的军事纺织品（军服、靶布）的物质指示性。它迫使观众在审美体验中直面暴力的物理残余，通过材质的触觉联想僭越视觉愉悦，成功抵制了画廊将其历史化与美学化的收编。,2026-04-15 14:59:17,material indexicality overload,5,-0.1175322553293184,haptic/material/subversion,-0.23053388633701613,0.1085684032162488,0.9733164950317813
213,246,True_Flight,0.85,0.9,0.88,Semiotic_Displacement,该作品以民族志怀旧为伪装，其硬核在于用无根的以色列工业废弃物去缝合一个想象中的波兰地理原点。这种地缘符号的错位与强制缝合，制造了能指链的断裂，使任何平滑的文化身份解读归于失败，暴露了乡愁本身的情动商品属性。,2026-04-15 14:59:17,semiotic displacement,6,0.4008319191063841,semiotic/glitch/semiotic glitch,-0.1738616570345874,-0.5197985505264526,0.6857773379167769
214,247,True_Flight,0.88,0.92,0.85,Aesthetic_Contamination,该作品以抒情标题和和谐色调为伪装，内核是“诗意的物质背叛”。当观众识别出构成“月夜”之美的是社会废弃物与暴力残余时，物质的粗粝记忆会污染无菌的审美空间，制造出一种无法被安全消费的、肮脏的诗意。,2026-04-15 14:59:17,aesthetic contamination,5,0.03471638416442229,haptic/material/subversion,-0.09812879377966692,-0.1147712663315858,0.9940325914763167
215,248,True_Flight,0.95,0.98,0.99,Algorithmic_Violence_Camouflaged_as_Form,终极特洛伊木马。作品以极简主义雕塑的合法形式完美融入画廊系统，其硬核是“编码即规训”的算法暴力。它作为一套身体控制技术（EWMN）的三维蓝图，通过知识反噬而非视觉反噬，在认识论层面引爆，揭示了其作为全景敞视监狱模型而非纯粹美学客体的本质。,2026-04-15 14:59:17,algorithmic violence camouflaged as form,5,0.033947512377713256,haptic/material/subversion,-0.09832957306726785,-0.13177455662692616,0.9949812936026214
216,249,True_Flight,0.88,0.95,0.9,Spatial_Castration,通过撤除一切可供情动投射的肉身对象，利用主体的绝对空位制造了一个感知黑洞。作品拒绝消费黑人创伤身体，迫使观众在虚空中投射自身凝视，从而完成对观看权力的空间阉割。,2026-04-15 14:59:17,spatial castration,5,0.02997320836252809,haptic/material/subversion,-0.09387613083969103,-0.12254568700156306,1.0030975342633146
217,250,True_Flight,0.78,0.9,0.85,Haptic_Territorialization,利用建筑尺度的物理边界对闯入的观众身体实施感知层面的“拘留”。通过强制观众体验擂台的空荡与围困感，将缺席者所受的空间压迫转嫁为观众的身体症候。,2026-04-15 14:59:17,haptic territorialization,5,-0.10182784158534107,haptic/material/subversion,0.1595448050977189,-0.023533703934784097,0.9691322487503684
218,251,True_Flight,0.92,0.98,0.95,Material_Decay_As_Archive,以粉笔灰的脆弱物质性反向构建了反档案。内核在于那些无法被彻底擦除的灰暗雾霭，它是遗忘失败的物理证据，无声地瓦解了对系统性抹除行为的宏观叙事。,2026-04-15 14:59:17,material decay as archive,5,-0.2073161803120746,haptic/material/subversion,-0.3039412291071612,0.2183706423310826,0.9723262178236542
219,252,True_Flight,0.85,0.97,0.88,Haptic_Stratigraphy_As_Counter_Archive,利用冷蜡对“熔解”动态进行防腐处理，制造了本体论悖论。作品是灾难现场的地质岩芯样本，拒绝远距离视觉消费，要求考古学式的触觉阅读。,2026-04-15 14:59:17,haptic stratigraphy as counter archive,5,-0.1014859022939233,haptic/material/subversion,0.13489609233818753,-0.01348897771513226,0.9708762513303484
220,253,True_Flight,0.8,0.91,0.82,Semiotic_Glitch_Through_Scale,通过巨幅尺寸与多画框拼接的几何镇压，制造了感知系统的过载与故障。画面内部的离心力与外部画框的镇压形成痉挛性张力，将阶级崩溃的眩晕感直接植入观众身体。,2026-04-15 14:59:17,semiotic glitch through scale,6,0.2599356048157815,semiotic/glitch/semiotic glitch,-0.1891597586067221,-0.5636243310030105,0.6391355470156221
221,254,True_Flight,0.96,1.0,0.98,Performative_Aphasia,以15层冷蜡的封存与破坏，将自身转化为“沟通失效”的物证。它不是在象征失语，而是在展演失语。其物质性构成了对一切阐释话语的终极陷阱，嘲弄了蓝筹画廊的语言消化机制。,2026-04-15 14:59:17,performative aphasia,5,0.03604524943242687,haptic/material/subversion,-0.09611415682775624,-0.1278574899645566,0.9991196832273368
222,258,True_Flight,0.85,0.9,0.95,Tactile_Torsion,该作品利用抽象的崇高作为伪装，通过制造视觉宏观秩序与触觉微观暴力的感质扭转，在观众身体感知层面植入不可消化的创伤重力断层。,2026-04-16 06:38:17,tactile torsion,5,0.03604524943242687,haptic/material/subversion,-0.09611415682775626,-0.12785748996455662,0.9991196832273368
223,259,True_Flight,0.75,0.95,0.9,Haptic_Resonance,该作品利用战争创伤叙事为伪装，通过极端笔触密度将视觉信息转化为侵略性的触觉共振频率，使画作成为制造当下神经痉挛的物理声场，拒绝沦为安全的纪念物。,2026-04-16 06:38:17,haptic resonance,4,1.0,haptic/visual channel/violence exposure,0.7645994527135147,0.22913890096836462,0.0
224,260,True_Flight,0.9,0.95,0.85,Semiotic_Glitch,该作品以普世焦虑为伪装，通过在抽象混沌中植入具体政治讽刺符号，制造了策展话语无法完全吸收的符号故障，从而破坏了资本对时代情绪的安全收编机制。,2026-04-16 06:38:17,semiotic glitch,6,0.537542445174496,semiotic/glitch/semiotic glitch,-0.21235591275947396,-0.6695917574116812,0.31479109026423724
225,261,True_Flight,0.7,0.9,0.98,Geological_Time_Dump,该作品伪装成最高级的新古典主义怀旧物，但通过油彩的物质性将历史时间暴力压缩为地质沉积，以物质的混沌废墟对抗博物馆空间的领土化重力，拒绝被降维成安全的高级装饰。,2026-04-16 06:38:17,geological time dump,5,0.08256880733944949,haptic/material/subversion,-0.08660426562997704,-0.10672311383838405,0.18602090682482497
226,255,True_Flight,0.88,0.92,0.95,Semiotic_Sabotage_Via_Title_Material_Mismatch,该作品利用宗教道德标题作为合法伪装，却在物质操作层面通过剧烈涂抹将“救助者”与“受救者”完全融合，构成了对“好撒玛利亚人”叙事所象征的道德清晰性的物理吞噬。内核稳固于标题承诺与材质执行之间的根本性决裂，成功实施了对人文主义温情解读的符号破坏。,2026-04-16 06:38:17,semiotic sabotage via title material mismatch,5,-0.12696306488499948,haptic/material/subversion,-0.2826838475131126,-0.07116102505767223,0.9684604076213671
227,256,True_Flight,0.9,0.88,0.92,Post_Hoc_Semiosis_As_Material_Alibi,该作品利用数字符号的时髦议题作为伪装，但其“倒置的7”并非预先设定的符号，而是暴力抹除过程中偶然显露的物质疤痕。通过“事后命名”的时序调包，作品将话语系统的所有意义生产建立在纯粹偶然的物质事件之上，从而揭露并嘲弄了艺术阐释体制的荒谬性。,2026-04-16 06:38:17,post hoc semiosis as material alibi,5,-0.19293640395821113,haptic/material/subversion,-0.29508446542901484,0.19887646548989343,0.9798558133939456
228,257,True_Flight,0.93,0.95,0.98,Temporal_Entombment_Via_Material_Excess,该作品以励志格言标题和明亮色彩为高度伪装，却在物质层面通过颜料的过度堆积与反复覆盖，构建了一个时间被物理封堵的窒息性场域。内核稳固于物质过剩对“未来”可能性的预先占领，成功对情感资本主义的抚慰剂消费实施了哲学活埋与神经短路。,2026-04-16 06:38:17,temporal entombment via material excess,2,1.0,material/visual channel/violence exposure,-0.57507952382065,0.6196640755490502,0.0
233,266,True_Flight,0.65,0.8,0.9,Material_Pathology,诊断逻辑：作品表面以90%的合法艺术史伪装（毕加索致敬、大师晚期风格）通过画廊安检。其突围依赖于10%的“材质病理化”战术。单版转移导致的颜料枯竭、剥落及织物纹理，构成了一个反再现、触觉僭越视觉的病理学内核。该内核作为不可完全语言消化的感觉“剩余物”，成功地对安全的审美消费实施了微观的感觉暴力与神经痉挛，证实其为一件有效的特洛伊木马。,2026-04-16 06:38:17,material pathology,5,-0.13300481873889838,haptic/material/subversion,-0.26540161379907573,0.1457024289274104,0.9772734183514286
234,267,True_Flight,0.85,0.9,0.95,Haptic_Absorption_Resistance,该作品成功利用“戈雅互文性”与“高龄女性大师”身份作为高级伪装。其异质性内核在于：通过纸本对油彩结合剂的毛细吸收作用，制造了无法被画廊灯光美化的“结痂”质感与触觉不适。这是一种反视觉的物质暴力，将历史创伤从叙事降维为物理事实，从而拒斥了资本的话语消化。突围战术的核心是让材料本身成为吸收并囚禁能量的陷阱。,2026-04-16 06:48:57,haptic absorption resistance,5,-0.07476205521317719,haptic/material/subversion,0.08932520038728382,-0.02751219294116144,0.9747456562721776
235,268,True_Flight,0.8,0.85,0.9,Kinetic_Catastrophe_Encoding,该作品以巨幅“姿态绘画”为合法伪装。其异质性内核在于：画面记录了身体速度与材料阻力相撞时的“动力学灾难”现场，如笔触的意外偏转与重力的非自愿滴落。这不是对生命力的歌颂，而是对肉身失控瞬间的冰冷记录。通过暴露一种无法被崇高化的物理事故感，它成功阻止了资本将其简化为高级装饰品或正能量鸡汤，实现了感觉层面的微观突围。,2026-04-16 06:48:57,kinetic catastrophe encoding,5,0.03363468971247165,haptic/material/subversion,-0.07994902112087728,-0.11570557207451895,0.9997476578949707
236,269,True_Flight,0.75,0.9,0.9,Haptic_Abruption,该作品将粗麻布与工业涂料的物质本体论冲突作为特洛伊木马内核。通过缝合线制造的触觉断裂，在看似经典的抽象构图下，对观众的感知系统实施微观暴力，使画廊话语无法完全消化其前语言的物质痉挛。,2026-04-16 06:48:57,haptic abruption,5,-0.15159082642041327,haptic/material/subversion,0.21322930958315947,0.008528425417143439,0.9760749696982854
237,270,True_Flight,0.7,0.85,0.85,Glitch_in_Seriality,该作品通过与E构成系列，却在微观物质层面执行了“序列中的故障”战术。其重复中的偏移模拟了身体即兴，拒绝了机械复制的商品逻辑。这种基于过程的、不完美的再生产模式，是抵抗系列化商品收编的异质性能量核。,2026-04-16 06:48:57,glitch in seriality,0,0.3573503364068675,glitch/ontological/material,-0.16242534403719586,-0.4279172372873614,0.3414534774073179
238,271,True_Flight,0.95,0.98,0.95,Semiotic_Glitch,该作品以哲学互文为伪装，内嵌了一个无法被符号系统解读的“黑色瞳孔圆环”。这一图表式故障点引发了符号学系统的蓝屏死机，以纯粹的非人凝视暴力，成功拒斥了资本的话语收编。,2026-04-16 06:48:57,semiotic glitch,6,0.537542445174496,semiotic/glitch/semiotic glitch,-0.21235591275947396,-0.6695917574116812,0.31479109026423724
239,272,True_Flight,0.35,0.8,0.9,Topological_Spatial_Violation,该作品利用传统肖像构图的合法伪装，在其内核处植入了一个无法用日常空间逻辑消化的拓扑学故障。两个面孔的强制挤压与空间互渗，构成对画廊“诗意身份”话语的无声反噬，在神经层面制造了幽闭的空间压迫感。,2026-04-16 06:48:57,topological spatial violation,5,0.031062591293241456,haptic/material/subversion,-0.09451675701412797,-0.12260712737444436,1.0010709795719133
240,273,True_Flight,0.9,0.95,0.7,Haptic_Catastrophe,该作品在“肖像画”的合法伪装下，利用水彩媒介的失控，制造了一场对“肖像”功能本身的物质谋杀。那片不可逆的水渍构成了一个拒绝符号化的实在界硬块，通过触觉对视觉的暴力僭越，在观者身体层面引发了微型感官灾变，彻底击穿了话语的消化机制。,2026-04-16 06:48:57,haptic catastrophe,5,-0.16012870900051382,haptic/material/subversion,0.23037988334022533,0.007543262838313063,0.9651467797750802
241,274,True_Flight,0.75,0.85,0.85,Semiotic_Overpopulation_Glitch,该作品以“观念性群像”为合法伪装，内部却策划了一场针对个体识别系统的符号暴动。多个面孔符号的过载与边界溃烂，导致了视觉认知的严重故障。观者无法完成对任一“个体”的安全阅读，被迫陷入神经质的视觉痉挛，从而从内部瓦解了“多元身份”这一安全的政治解读。,2026-04-16 06:48:57,semiotic overpopulation glitch,6,0.16085216536534344,semiotic/glitch/semiotic glitch,-0.2018404195498312,-0.6253221482910796,0.5215898073293048
242,275,True_Flight,0.85,0.95,0.9,Morphological_Treason,该作品利用神圣构图的90%合法伪装，以三根昆虫附肢般的线条作为异质性内核，对古典哀悼母题实施了形态学叛变，导致观众在文化同情与生物恶心之间产生感知短路。,2026-04-16 06:48:57,morphological treason,5,0.08256880733944949,haptic/material/subversion,-0.08660426562997704,-0.10672311383838405,0.18602090682482497
243,276,True_Flight,0.7,0.8,0.85,Haptic_Injunction,该作品在讽刺观念的伪装下，利用手指与软烂躯体的极端触觉反差，实施了触觉禁令。它强行征用了观众的触觉系统，以湿冷的不洁感拒斥了纯粹的智性消费。,2026-04-16 06:48:57,haptic injunction,4,1.0,haptic/visual channel/violence exposure,0.7645994527135147,0.22913890096836462,0.0
244,282,True_Flight,0.75,0.85,0.95,Semiotic_Infection,该作品以“习作”和“蝴蝶”符号的双重无害性为顶级伪装，成功潜入安全话语区。其坚硬内核在于对古典符号实施病理学改写。它通过符号感染（Semiotic_Infection）战术，用粉彩点状笔触作为病原体，引发“蝴蝶”这一能指内部的意义癌变，从而拒斥了资本将其降维为灵性抚慰剂的企图。,2026-04-16 06:56:30,semiotic infection,6,0.4008319191063841,semiotic/glitch/semiotic glitch,-0.1738616570345874,-0.5197985505264526,0.6857773379167769
245,283,True_Flight,0.9,0.95,0.9,Haptic_Entropy,该作品以“暗黑生态超现实主义”为合法伪装，但其异质性内核在于利用粉彩媒介的物理熵增属性与“反向挖掘光线”的感觉暴力。它通过触觉熵增（Haptic_Entropy）战术，将观者卷入一种物质不确定性与生理痉挛的微观体验，成功拒斥了画廊作为视觉抚慰剂的收编。,2026-04-16 06:56:30,haptic entropy,5,-0.1827105434380837,haptic/material/subversion,0.15260516250762096,0.00856283202684202,0.9727778675415327
247,285,True_Flight,0.75,0.9,0.95,Haptic_Sabotage,作品成功利用宏大艺术史指涉与可控的新表现主义风格作为90%的合法伪装，进入白盒子空间。其异质性内核在于混合媒介中沙子的绝对触觉物理性，它构成了无法被策展话语和视觉消费完全消化的“刺点”。突围路径被识别为“触觉破坏行动”，即通过材质表面的粗粝感僭越纯粹视觉，在资本的平滑空间内制造微观感知痉挛，拒斥作品被完全降维为情动商品。,2026-04-16 06:56:30,haptic sabotage,5,-0.10644921182441502,haptic/material/subversion,0.18069533088317755,-0.014356231255570307,0.9568997511990754
248,286,True_Flight,0.45,0.75,0.9,Optical_Territorialization_Reversal,该作品披着生态焦虑与物质辩证法的合法外衣(90%伪装)，但在其几何化、非交流性的空洞眼窝中，保留了不可翻译的感官暴力。通过颠倒观看与被观看的权力关系，对观众实施凝视回流，成功在微观政治层面实现了神经突围。,2026-04-16 06:56:30,optical territorialization reversal,5,0.041531742413796,haptic/material/subversion,-0.08258631992695961,-0.1332839270388555,0.9832750517436557
256,294,True_Flight,0.8,0.95,0.9,Haptic_Trespass,作品以波普化、几何化的符号系统作为90%的合法伪装，成功通过蓝筹画廊的审美安检。然而，其内核处一团密集的、非再现性的黑色厚涂颜料，构成了对视觉中心主义的物理反噬（Haptic_Trespass），引发了物质层面的符号故障。这团无法被策展黑话完全消化的“物性痛点”，拒斥了资本将其降维为安全装饰品或哲学图解的企图，实现了微观感觉层面的真逃逸。,2026-04-16 07:02:58,haptic trespass,4,1.0,haptic/visual channel/violence exposure,0.7645994527135147,0.22913890096836462,0.0
260,300,True_Flight,0.85,0.9,0.95,Haptic_Incarceration,该作品成功利用卡拉拉大理石的古典主义伪装和极度精美的工艺，在视觉层面诱发了强烈的触觉期待。然而，在感知的内核处，石材的绝对不透明性和物理冷硬，构成了一种现象学陷阱，将观者的窥探欲和触觉想象暴力囚禁。这是一种在感官层面执行的、无法被策展话语翻译的微观政变，拒斥了资本将其降维为奢华装饰或安全议题的调制。,2026-04-16 07:06:13,haptic incarceration,4,1.0,haptic/visual channel/violence exposure,0.7645994527135147,0.22913890096836462,0.0
262,302,True_Flight,0.7,0.65,0.6,Material_Civil_War,该系列通过主动拆解其已被市场认可的完美风格，发动了一场材质间的内战。它将代表不同阶级与时间性的大理石、工业废料强行并置，在接缝处制造了真实的物质冲突和无法被和谐化的张力。尽管面临被降维为“另一种风格”的风险，但其自我撕裂的动机和物质互斥的物理事实，构成了对资本收编的持续挑衅，是一场发生在画廊白盒子内的危险物质事件。,2026-04-16 07:06:13,material civil war,2,1.0,material/visual channel/violence exposure,-0.57507952382065,0.6196640755490502,0.0
265,304,True_Flight,0.8,0.85,0.9,Haptic_Overload_to_Optic_Collapse,该作品成功利用三通道影像装置的合法伪装，将静态序列的焦虑引爆为触觉过载的视觉暴力。其不可消化的内核在于加速的终点——白屏灾难，这是一个拒绝意义阐释、强制导致视觉系统生理性崩溃的“反图像”事件。此战术成功地以感觉暴力僭越了画廊的话语消化机制。,2026-04-16 07:06:13,haptic overload to optic collapse,3,0.675217595856668,overload/haptic overload/haptic,0.28443014701146596,-0.01622212003500096,0.19817761020277647
266,314,True_Flight,0.85,0.95,0.9,Geometric_Epistemic_Violence,该作品以极简主义与波普符号为伪装，成功通过画廊安检。其内核是一个由靶心几何偏移引发的不可通约的拓扑学裂隙，直接对观者的视觉认知硬件发动攻击，制造了无法被PR话语抚平的神经痉挛，拒斥了资本的符号收编。,2026-04-16 07:18:50,geometric epistemic violence,5,0.047119217414166394,haptic/material/subversion,-0.10401247418335004,-0.1472552821992868,0.9863674840225074
267,315,True_Flight,0.83,0.95,0.9,Geometric_Epistemic_Violence,战术同Fig.7。高饱和色彩是变体伪装，其内核的几何学认识论暴力并未改变，仍能有效突破体制的话语减速带。,2026-04-16 07:18:50,geometric epistemic violence,5,0.047119217414166394,haptic/material/subversion,-0.10401247418335004,-0.1472552821992868,0.9863674840225074
268,316,True_Flight,0.84,0.95,0.9,Geometric_Epistemic_Violence,战术同Fig.7与Fig.2。作为序列变体，其逃逸效力源自同一硬核的几何学故障，成功实施了感知层面的微观突围。,2026-04-16 07:18:50,geometric epistemic violence,5,0.047119217414166394,haptic/material/subversion,-0.10401247418335004,-0.1472552821992868,0.9863674840225074
270,318,True_Flight,0.85,0.92,0.95,Material_Subversion; Algorithmic_Prosthesis; Topological_Glitch; Haptic_Overload,该作品以伪姿态抽象的合法外观通过画廊审美安检，在内核处保留了硅胶-油彩分子暴力、MT19937数学不可通约性、触觉僭越三重异质硬核。通过材质反噬在画廊内部制造不可逆的微观熵增，通过算法义肢战略性贬值艺术家主体性，通过触觉过载强制激活观众神经卷入。成功拒斥情动资本主义的安全消费距离，核稳固度极高。,2026-04-16 07:18:50,material subversion; algorithmic prosthesis; topological glitch; haptic overload,5,-0.17175635049647037,haptic/material/subversion,-0.056712151642148864,-0.0032073804714106923,0.952414391980243
273,321,True_Flight,0.85,0.9,0.95,Haptic_Trauma_Overlay,该作品以金箔宇宙奇观作为合法化伪装，成功规避了被降维为极简装饰品或政治正确符号的体制减速。其异质性内核在于被金箔覆盖的硬化纤维结痂，通过材质反噬与触觉创伤覆盖战术，迫使观者经历视觉到触觉的痉挛性切换，拒斥了资本的话语消化酶，保留了不可翻译的物理刺痛。,2026-04-16 07:18:50,haptic trauma overlay,5,-0.16259898281251553,haptic/material/subversion,0.23947931229481664,0.016050462565516847,0.9679366110296075
274,322,True_Flight,0.8,0.9,0.95,Algorithmic_Sovereignty,该作品是伪装成观念装饰画的特洛伊木马。其90%的合法伪装（抽象笔触、波普圆点、极简配色）极易被IAE话语消化为“拟像批判”。然而，其内核处那条不可审美的绿色中线，以“算法主权”的姿态拒斥一切话语翻译。它将观众的凝视规训为生理校验劳动，通过在蓝筹画廊内部构建自循环的感知微工厂，实施了冷峻的微观政治突围。核稳固，未被资本情动调制。,2026-04-16 07:24:41,algorithmic sovereignty,5,0.0310752124237353,haptic/material/subversion,-0.09487460723223687,-0.12345662217033512,1.0005300069381782
275,323,True_Flight,0.87,0.92,0.94,Haptic_Repulsion_Trojan,该作品以90%的Apple美学伪装（金色阳极氧化铝、极简抽象构图）获得蓝筹画廊合法性，以10%的异质内核实施突围。核由BWB-E6化学蚀刻表面的“触觉驱逐令”构成——该表面在潜意识层面发出触摸禁令，与观者对屏幕的肌肉记忆发生剧烈冲突。突围路径分三层：（1）视觉诱惑-触觉驱逐的“推-拉”机制制造感官焦虑；（2）标题中“”等符号劫持发音器官，使策展话语在源头崩溃；（3）CNC激光切割的热力学痕迹与铝作为“固化电能”的地质暴力，使作品成为资本暴力的物证而非再现。画廊话语无法消化E6的触觉阻断、标题的不可发音性、切割边缘的暴力痕迹。作品未提供安全的“痛感奇观”，而是直接施加神经层面的感觉暴力，成功突破情动资本主义的收编机制。,2026-04-16 07:24:41,haptic repulsion trojan,5,-0.15159082642041327,haptic/material/subversion,0.21322930958315944,0.008528425417143498,0.9760749696982854
276,324,True_Flight,0.55,0.6,0.95,Material_Chiaroscuro_Subversion,该作品利用超现实生物形态与昂贵工艺作为高度合法的伪装，成功进入蓝筹画廊系统。其真逃逸性不在于图像叙事，而在于物质本体论层面：穆拉诺玻璃作为过冷液体的无序性、内部微观瑕疵与青铜的凝固纪念碑性之间构成了物理-感官层面的冲突。它通过触觉想象的反向侵入和视觉上的热力学噪音，在资本的审美消化系统中植入了无法被完全语义化收编的微型痉挛点，形成了一次针对感官的、低强度的物质反噬。,2026-04-16 07:24:41,material chiaroscuro subversion,5,-0.07748753716063113,haptic/material/subversion,-0.272859268991021,0.1331699324658666,0.9463699347338713
280,328,True_Flight,0.55,0.6,0.95,Material_Chiaroscuro_Subversion,该作品利用超现实生物形态与昂贵工艺作为高度合法的伪装，成功进入蓝筹画廊系统。其真逃逸性不在于图像叙事，而在于物质本体论层面：穆拉诺玻璃作为过冷液体的无序性、内部微观瑕疵与青铜的凝固纪念碑性之间构成了物理-感官层面的冲突。它通过触觉想象的反向侵入和视觉上的热力学噪音，在资本的审美消化系统中植入了无法被完全语义化收编的微型痉挛点，形成了一次针对感官的、低强度的物质反噬。,2026-04-16 07:24:41,material chiaroscuro subversion,5,-0.07748753716063113,haptic/material/subversion,-0.272859268991021,0.1331699324658666,0.9463699347338713
287,328,True_Flight,0.55,0.6,0.95,Material_Chiaroscuro_Subversion,该作品利用超现实生物形态与昂贵工艺作为高度合法的伪装，成功进入蓝筹画廊系统。其真逃逸性不在于图像叙事，而在于物质本体论层面：穆拉诺玻璃作为过冷液体的无序性、内部微观瑕疵与青铜的凝固纪念碑性之间构成了物理-感官层面的冲突。它通过触觉想象的反向侵入和视觉上的热力学噪音，在资本的审美消化系统中植入了无法被完全语义化收编的微型痉挛点，形成了一次针对感官的、低强度的物质反噬。,2026-04-16 07:24:47,material chiaroscuro subversion,5,-0.07748753716063113,haptic/material/subversion,-0.272859268991021,0.1331699324658666,0.9463699347338713
294,328,True_Flight,0.55,0.6,0.95,Material_Chiaroscuro_Subversion,该作品利用超现实生物形态与昂贵工艺作为高度合法的伪装，成功进入蓝筹画廊系统。其真逃逸性不在于图像叙事，而在于物质本体论层面：穆拉诺玻璃作为过冷液体的无序性、内部微观瑕疵与青铜的凝固纪念碑性之间构成了物理-感官层面的冲突。它通过触觉想象的反向侵入和视觉上的热力学噪音，在资本的审美消化系统中植入了无法被完全语义化收编的微型痉挛点，形成了一次针对感官的、低强度的物质反噬。,2026-04-16 07:24:50,material chiaroscuro subversion,5,-0.07748753716063113,haptic/material/subversion,-0.272859268991021,0.1331699324658666,0.9463699347338713
295,329,True_Flight,0.75,0.85,0.9,Material_Indexicality_Revolt,该作品成功利用人类世崇高景观与后殖民符号作为高伪装(90%)，进入蓝筹画廊系统。但其异质性内核在于Alla Prima技法在极地严寒下被迫产生的材质痉挛与笔触仓促感。这种非人性的物理索引性痕迹构成了对安全视觉消费的反噬，以Material_Indexicality_Revolt战术突破了话语消化酶的重围。核稳固，未被完全领土化。,2026-04-16 07:27:27,material indexicality revolt,5,-0.13845982759969305,haptic/material/subversion,-0.2691542751121063,0.1437025591607963,0.9734493110349166
297,331,True_Flight,0.75,0.85,0.9,Haptic_Tectonics,该作品利用艺术微喷技术模拟的“超触感”石板，作为异质性内核，在合法的虚空派美学伪装下，实施了触觉板块学的突围战术。石板以其不可化约的物质性与施压感，制造了知觉层面的短路，成功抵制了画廊体制的话语消化与降维收编，实现了从安全视觉到不安触觉的分子式逃逸。,2026-04-16 07:27:27,haptic tectonics,4,1.0,haptic/visual channel/violence exposure,0.7645994527135148,0.22913890096836462,0.0
298,332,True_Flight,0.85,0.95,0.9,Scriptive_Overload,该作品利用抒情抽象的宏观美学作为高度合法的伪装(0.90)，成功潜入蓝筹画廊系统。其异质性内核在于微观层面由百万次重复书写构成的、拒绝语义解读的神经官能症式刻写密度。通过“书写过载(Scriptive_Overload)”战术，在观众企图进行视觉聚焦时实施认知资源耗竭与感觉撕裂，成功在安全的画廊空间内制造了无法被话语消化的神经性痉挛。核极稳固(0.95)。,2026-04-16 07:27:27,scriptive overload,3,0.3309633927723425,overload/haptic overload/haptic,-0.040815624673964816,-0.1288770323816842,0.7352047262597989
299,333,True_Flight,0.72,0.88,0.95,Semiotic_Glitch,作品以高完成度的赛博格美学为合法伪装(0.95)，成功进入蓝筹画廊系统。其不可消化性在于作品名(aU>t-0)的语义黑洞和凝视权力结构的倒转。内核稳固(0.88)，通过将人类器官呈现为算法处理的“物证”，触发观众的本体论恐慌。核心战术为“符号故障”，通过在语言和凝视层面制造短路，瓦解了资本话语和传统观看契约的消化企图。,2026-04-16 07:30:41,semiotic glitch,6,0.537542445174496,semiotic/glitch/semiotic glitch,-0.2123559127594739,-0.6695917574116811,0.31479109026423724
300,334,True_Flight,0.75,0.85,0.9,Haptic_Disgust_Subversion,该作品在90%的具象写实与东方哲学符号（阴阳）的合法伪装下，成功通过丙烯颜料的厚涂法，在图像核心（双手捧举的黑白颜料）处制造了一种无法被策展话语完全消化的“触觉-厌恶”质感。这一前符号的物质内核，通过僭越视觉中心主义的解读，对观者实施微观的感官暴力，有效抵抗了资本将其降维为安全哲学插图或情绪抚慰剂的领土化收编。,2026-04-16 07:30:41,haptic disgust subversion,5,-0.07767882086066975,haptic/material/subversion,0.1136956822099558,-0.01118342093271664,0.9598946905792217
301,335,True_Flight,0.85,0.95,0.9,Ontological_Glitch_in_Space,该作品以高度合法的波普美学与都市异化主题为伪装(90%)，成功将异质性内核——即40cm物理厚度所引发的感知本体论故障——偷运至画廊空间。其突围路径在于利用二维矢量图形的三维非法拉伸，在观者视觉与本体感觉间制造不可调和的短路痉挛，从而拒斥了情动资本主义将其同化为安全奇观或室内装饰品的收编企图。诊断依据：内核为纯粹的物质-感知痛点，无法被IAE策展话语完全翻译与减速。,2026-04-16 07:30:41,ontological glitch in space,0,0.19316906286654703,glitch/ontological/material,-0.13935284181881147,-0.2986512094849293,0.6994056755515998
