Artwork_Id,Verdict_Type,Indigestibility_Score,Core_Stability,Camouflage_Quality,Breakthrough_Strategy,Diagnostic_Logic
1,True_Flight,0.65,0.7,0.85,Haptic_Contamination,伪装为跨文化女性气质奇观，内核为亚麻布暖灰底色对工业制服的“不洁”污染，通过触觉僭越视觉在物质层面实施微观反噬。
2,True_Flight,0.75,0.85,0.9,Semiotic_Suspension,伪装为知识分子漫游者肖像，内核为亚麻布“空无”对巨型文化符号的悬置，以及“笔”作为功能性刺点对视觉神话的刺破。
3,True_Flight,0.8,0.9,0.95,Chromopolitical_Friction,伪装为社会关怀的甜美装饰画，内核为哑光制服蓝与厚涂粉红门之间的物质性色域对抗，利用色彩的物理政治在感觉层面发动沉默的微观阶级斗争。
5,True_Flight,0.9,0.95,0.98,Haptic_Catatonia,以超写实技艺与古典大理石材质为伪装，利用“触觉视觉性”制造视觉柔软与触觉坚硬的绝对断裂，诱发触觉紧张症，面壁姿态切断叙事交流，转化为不可被语言消化的感官黑洞，拒斥资本降维为忧郁奇观或极简装饰。
6,False_Flight,0.05,0.1,0.98,Domesticated_Spectacle,该作品是情动资本主义的完美商品，物质矛盾与概念矛盾均被话语完美消化，异质性内核涣散为可消费的“罗迪纳风格”，悲剧性被封装为安全的审美奇观，未构成实质性感觉暴力与逃逸。
7,False_Flight,0.15,0,0.95,Domesticated_Spectacle,作品将乱笔的视觉暴力完全审美化，成为可供安全消费的“焦虑奇观”，IAE话语消化率极高，不存在拒斥语言翻译的痉挛剩余物，线条的疯狂是高度控制的风格化重复而非真正的精神崩溃，核已涣散，完美适配任意策展话术，是情动资本主义的潮流盲盒。
8,False_Flight,0.15,0,0.95,Domesticated_Spectacle,将乱笔视觉暴力完全审美化，成为可安全消费的“焦虑奇观”，IAE话语消化率极高，不存在拒斥翻译的痉挛剩余物，所谓的创伤性神经症实为癔症表演，线条疯狂是高度控制的风格化重复而非真正精神崩溃，核已涣散，完美适配任意策展话术。
9,True_Flight,0.88,0.92,0.9,Material_Incommensurability,以文人母题与精湛工艺为伪装，内核藏匿银（资本的物质化身）与枯枝（死亡的零度形态）之间的本体论悖论，银不是象征永恒而就是永恒物质形态，枯枝不是隐喻死亡而是死亡具体实例，这一不可通约性构成对一切话语消化的根本拒斥，观者身影被反射时遭遇被资本照亮的本体论指认。
10,True_Flight,0.91,0.95,0.9,Frictional_Diagram & Haptic_Sonority,以媒介考古学与宇宙隐喻作为90%合法伪装进入蓝筹画廊体系，异质性内核——钢球与胶片的物质不服从生成的“摩擦性图表”及不可被观念收编的“触觉性声响”——构成对资本话语消化机制的绝对抵抗，通过将物理事件痕迹和听觉暴力直接作用于观众神经，实现对白盒子空间领土化减速的战术突围。
11,False_Flight,0.05,0.1,0.95,Domesticated_Spectacle,该作品是情动资本主义的完美商品，表面粗粝Facture与生态焦虑主题恰是蓝筹画廊策展话语中的热门通货，通过裱于纸板、纳入色域绘画谱系完成从混沌物质到安全资产的领土化减速，内核涣散，未能构成任何感觉暴力或符号故障，是表演性痛苦的奇观化陈列。
14,False_Flight,0.12,0.23,0.95,Domesticated_Spectacle,将精神症候完全糖衣化为“可爱”视觉糖果，无数“眼睛”不构成攻击性凝视反而讨好观众，满幅构图与高饱和度色彩被降维为奢侈壁纸，缺乏真正的神经痉挛剩余物，核已涣散突围失败。
15,False_Flight,0.05,0.08,0.99,Hypercommodification,资本收编的终极样本，青铜材质与聚氨酯漆面创造“超真实”仿像，版数逻辑彻底瓦解本雅明式光晕，南瓜从有机生命体石化为品牌符号，完全拥抱领土化，没有逃逸只有阅兵。
16,True_Flight,0.68,0.87,0.92,Material_Obsession_Rhythm_Glitch,以大尺幅极简绘画与高品牌辨识度为伪装，内核处保留笔触中强迫性重复的病理性痕迹与节奏故障，这些肉身痕迹无法被画廊黑话完全翻译，持续释放感觉暴力，拒斥被降维为装饰品或情绪抚慰剂，实现特洛伊木马式逃逸。
17,False_Flight,0.05,0.1,0.98,Domesticated_Spectacle,动机在于迎合，将数字冷漠与物质乡愁调制成可消费情绪配方，异质内核被粉彩美学甜美化包裹，核已涣散为风格，被IAE话语系统100%领土化为高级装饰品与安全学术商品。
19,False_Flight,0.15,0.1,0.95,Domesticated_Spectacle,该作品成功将Vanitas母题与生态哥特叙事伪装为“深度”，但其卑贱物内核被高度美学化，痛感沦为安全奇观，完全可被画廊话语体系消化，无任何神经层面的痉挛剩余物。
20,False_Flight,0.1,0.05,0.98,Domesticated_Spectacle,该作品利用霍珀式孤独和几何化卑贱物营造了精致的心理剧场。但其异质性完全被理论话语（原本性、隐喻）收编，成为供市场消费的安全情绪商品，未能实现任何感官突围。
21,False_Flight,0.1,0.05,0.96,Domesticated_Spectacle,该系列作品是“人类世”生态批评理论的完美图解。其满幅构图与厚涂法服务于装饰性与观念性，内核完全涣散，是安全的自然怀旧与生态焦虑商品，无任何痉挛性剩余物。
22,True_Flight,0.8,0.85,0.95,Material_Evacuation,成功利用高度可读的灵性图像学为合法伪装，内核通过模拟湿壁画的极薄物质涂层实施对油画本体物质性与触觉丰饶感的撤离战术，物质匮乏制造的感知悬置与虚空感构成对情动资本主义视觉政权的顽固拒斥，其不可消化性在于提供一种反高潮的、无法被奇观化的否定性感官体验。
23,False_Flight,0.25,0.3,0.7,Domesticated_Spectacle,以软几何与色域绘画的学术修辞为包装，但内核已涣散，丙烯亚麻布的物质性未能制造任何触觉痉挛或视觉短路，“身体律动”停留于隐喻层面，作品可被完整翻译为安全的客厅挂画和高雅装饰，在西岸艺博会中被领土化为具象作品之间的视觉平衡器，心甘情愿接受蓝筹画廊的话语消化与市场收编。
28,False_Flight,0.05,0.1,0.95,Domesticated_Spectacle,利用蝴蝶翅膀与高光泽工业漆构建神圣几何对称图案，将生物死亡彻底审美化、装饰化，画廊话语完美消化为生命脆弱性与生态焦虑的沉思，不存在任何拒斥解读的神经痉挛点，死亡被去内脏化、塑料封存，沦为奢侈品愉悦光泽，核已涣散，完全臣服资本领土化逻辑。
29,False_Flight,0.25,0.15,0.95,Domesticated_Spectacle,该作品是情动资本主义的完美模型，物质分层（油画/有机玻璃）构成的“媒介反思”表象是供蓝筹画廊话语安全消化的高级素材，缺乏真正的“图形表”式痉挛，所谓的“感知阻断”已被美学化为静态的观念图解，核已涣散，是一件关于“逃逸”的被领土化精美标本。
30,True_Flight,0.75,0.9,0.95,Vectorial_Amputation,以“工业崇高”和“光学迷雾”为伪装，内核通过喷枪色彩轨迹在画框边缘的暴力截断，将画框从载体暴露为领土化镇压装置，以物理事实对抗美学阐释，实现对画廊体制微观暴力的精确揭露而非廉价情感奇观。
31,False_Flight,0.15,0.1,0.98,Domesticated_Spectacle,利用“创伤-疗愈”传记叙事与“反虚空”话语建构为伪装，恐空症构图与高饱和色彩均为迎合情动资本主义市场的表演性操作，异质性内核完全涣散，笔触物理性被色彩心理学彻底招安，沦为供中产阶级安全消费的情绪设计品。
32,False_Flight,0.05,0,1,Domesticated_Spectacle,该作品是情动资本主义的完美标本，以挪用北斋巨浪为伪装，内核为彻底的审美空洞，工业级光洁表面与扁平化符号使其完全适配画廊话语消化机制与豪宅装饰需求，成为一件安全的、供中产阶级消费的“伪崇高”奇观，毫无逃逸路径，核稳固度为0。
33,True_Flight,0.75,0.9,0.95,Haptic_Incision_Against_Redaction,表面迎合文学审查与极简美学的安全话语，通过左上角超验写实螺栓（触觉刺点）与右侧非对称黑带（视觉截肢感）的并置，制造不可被语言消化的感知痉挛，利用“错视画”诱捕视觉再用“硬边抽象”物理重量实施感知暴力，以材质绝对硬度对抗资本符号消化。
34,True_Flight,0.9,0.95,0.98,Haptic_Overload,以后现代主义拼贴和艺术史互文为高端伪装，异质性内核在于拼贴尼龙丝袜引发的触觉过载与倒置卧姿叠加造成的符号故障，通过触觉对视觉的僭越和重力感知语法故障，成功走私无法被观念消化的死亡焦虑与身体性不适。
35,False_Flight,0.05,0.1,0.99,Domesticated_Spectacle,将“坏画”的历史反叛降维为安全的高级装饰风格，高饱和色彩与“屏幕光度”完美适配蓝筹画廊展墙与社交媒体传播，表面混乱实为被资本话语100%消化的表演性情动，缺乏任何能制造神经痉挛或抵抗话语收编的异质性内核。
36,True_Flight,0.72,0.89,0.94,Material_Supremacy_through_Excessive_Flatness,以完美的跨界身份政治为伪装，内核利用“铝板超扁平”技法对绘画物质性的取消，将荧光色转化为针对古典凝视的工业烫伤感，以材质层面的神经性瘙痒拒斥资本将其收编为“安全历史对话”，用10%的物理性不适破坏90%的符号消费愉悦，实现对情动资本主义的感觉突围。
37,True_Flight,0.75,0.9,0.95,Haptic_Deflation,以完美的错视画技法为伪装，内核通过对表现主义触觉的模拟与物理否定（触觉消胀），将“为支付艺术史租金而进行的徒劳劳动”铭写入身体，辅以神经毒性的色彩污染，以不可被话语完全消化的社会性痛感，在蓝筹画廊内部实施微观的感觉暴力与体制批判。
38,True_Flight,0.7,0.85,0.9,Haptic_Entrenchment,以90%的图像叙事伪装（黑人古典主义、神话符号）通过画廊话语审查，真正的异质性内核在于10%的材质暴力：马赛克的物理灌浆线构成不可消解的触觉堑壕，当视觉试图平滑消费身份叙事时，材质的粗糙边缘持续剐蹭感知引发神经痉挛，阻断资本对意义的完全消化，实现特洛伊木马式突破。
39,False_Flight,0.15,0.1,0.98,Domesticated_Spectacle,该作品通过极简几何图形和“元具象”理论完美伪装成高深艺术品，但异质性内核已完全涣散，彩色铅笔的脆弱手感被博物馆装裱窒息，沦为安全的装饰性资产，IAE话语消化率极高，无任何突围迹象。
40,False_Flight,0.12,0.05,0.98,Domesticated_Spectacle,作为双联画的变奏部分，7个三角形的排列加剧沦为“视觉图元库”的风险，对有机形态的几何规训被收编为温和的现代主义趣味，缺乏对感知的暴力侵入，核已坏死，完全符合情动资本主义的潮流商品属性。
41,False_Flight,0.1,0,1,Domesticated_Spectacle,通过工业平滑美学和诗意的云层意象，将数字时代的身份焦虑包装为安全、深刻的观念奇观，二元对立（工业/有机）是市场定价的风格配方，所谓“遮蔽”的暴力行为已被完全美学化，无法构成任何神经层面的感觉暴力，核已涣散，被资本话语消化酶彻底分解，是情动资本主义潮流下完美的装饰性商品。
42,False_Flight,0.15,0.1,0.95,Domesticated_Spectacle,作品将二元分裂的痛感奇观化，利用基里姆材质光晕和极简主义构图，完美适配画廊的后殖民-物质性话语，内核涣散，张力被“宁静”标题中和，沦为高级装饰挂毯。
43,False_Flight,0.1,0.05,0.98,Domesticated_Spectacle,作品将忧郁情绪商品化，流体美学与伪文字符号构成安全的智力陷阱，内核完全涣散，情感表达沦为可精确调配的风格化图解，是典型的情动资本主义潮流盲盒。
44,True_Flight,0.65,0.8,0.9,Haptic_Contamination_and_Ocular_Neurosis,以现代主义理论与几何形式为合法伪装，内核在于马克笔与喷漆发生物质反应产生的触觉污染与视觉神经干扰，通过微观熵增和材质反噬制造无法被IAE话语完全消化的感官痉挛，以触觉僭越视觉，实现对资本生物政治调制的有限但真实的突围。
45,True_Flight,0.75,0.9,0.95,Haptic_Imposition,以表现主义崇高叙事为高级伪装，不可消化的内核在于以黏滞的油画颜料对水的物理性“替换”，创造不可通约的物质暴力，突围路径通过厚涂法制造的立体阴影与肌理强制触发观众的“触感视觉”，导致观看视点的痉挛性切换，以生理性不安僭越画廊纯粹的视觉审美场域，完成对情动资本主义话语消化的有效逃逸。
46,True_Flight,0.65,0.85,0.9,Chemical_Slickness_Resistance,成功利用工业皮革的高级时尚美学为伪装，内核是皮革表面的化学惰性与绝对平滑感，拒斥颜料渗透和人文情感投射，突围战术在于制造视觉在物质表面的“打滑”，用无机冷漠抵抗关于触觉温度与手工诗学的资本话语调制。
47,True_Flight,0.75,0.95,0.85,Haptic_Claustrophobia,以东方极简主义的禅意美学为伪装，异质性内核是被物理压缩的物质层所产生的致密张力和幽闭感，突围战术通过触觉想象引发窒息感，用物质的“满”颠覆视觉的“空”，成功拒斥被消费为心灵抚慰剂或精神桑拿房的命运。
48,False_Flight,0.2,0.15,0.7,Domesticated_Spectacle,动机在于迎合，完美契合资本对“东方怀古”和“跨文化对话”的消费需求，内核涣散，古法手工纸的“慢时间”与“脆弱性”被安全编码为可流通的风格，未形成有效突围战术，痛感被彻底奇观化，心甘情愿被领土化为安全的文化商品。
49,False_Flight,0.05,0.1,0.95,Domesticated_Spectacle,完美地将数字焦虑奇观化为色彩愉悦的装饰性网格，内核已被IAE话语完全溶解，未能制造任何无法被理论消化的痉挛剩余物，是典型的迎合情动资本主义市场的潮流商品。
50,True_Flight,0.75,0.9,0.8,Material_Backlash,以抽象表现主义的怀旧外观为伪装，成功保留物质本身的重量与重力法则这一不可消化的硬核，颜料的物理性厚涂与流淌形成的“丑陋物质性”对白盒子的视觉消费构成触觉层面的僭越，实施有效的神经突围。
51,True_Flight,0.85,0.95,0.9,Ocular_Siege,成功利用超真实主义技法和文化符号作为合法伪装，异质性内核——男童无法被感化的质询性凝视——通过对瞳孔的极致描绘发动了一场视觉围城，瓦解观者安全的观看位置，拒斥将创伤奇观化的情动资本主义收编。
52,True_Flight,0.9,0.95,0.95,Gaze_Withdrawal,以极其精美的古典肖像画形式为伪装，内核通过女性主体偏移的、拒绝交流的侧向凝视实施凝视撤离战术，目光的缺席制造了一个情动黑洞，使得观者的情动投射无效化，从而在情动资本主义的互动指令下完成优雅的主体性隐匿。
53,True_Flight,0.65,0.75,0.9,Material_Contamination,成功利用表现主义肖像作为90%合法伪装，异质性内核是左下角作为物质残骸而非符号的标签，通过物质污染战术，这个无法被画廊灯光美学化的垃圾碎片在绘画内部造成感知短路，拒斥资本将其完全收编为安全创伤奇观的企图。
54,False_Flight,0.25,0.4,0.95,Domesticated_Spectacle,以90%以上的风格化伪装（矫饰主义长颈、纪念碑构图）进入市场，试图通过符号耗竭战术突围但内核趋于涣散，标题与形式的重复未能产生不可消化的痉挛，反而极易被话语系统美学化为高深莫测的风格，痛苦已被奇观化，成为情动资本主义的高级潮流盲盒。
55,False_Flight,0.1,0,0.95,Domesticated_Spectacle,利用波普符号伪装出对“商品化自我”的批判，但光滑的工业材质与卡通化形象已将异质性痛感抛光，画廊公关话语可100%无碍地消化为“机智的后现代寓言”，内核空洞，是情动资本主义的完美标本。
56,False_Flight,0.15,0,0.95,Domesticated_Spectacle,以古典艺术和“征服恐惧”叙事为伪装，章鱼作为异质性他者的缠绕与窒息感被龙虾的拟人化胜利姿态和糖果色彩完全消解，恐惧被降维为可穿戴的“皮肤”，作品自愿接受画廊领土化，成为供人合影的奇观装置。
57,False_Flight,0.15,0.05,0.95,Domesticated_Spectacle,内核涣散，材料的刺痛感被几何美学与廉价的蝴蝶隐喻完全驯化，成功被降维为安全的异域装饰奇观，对资本话语消化机制的抵抗率为零。
58,True_Flight,0.78,0.85,0.9,Haptic_Overload,特洛伊木马战术成功，利用后殖民肖像的合法性伪装，以垃圾碎片的物理锋利性为内核，发动针对视觉中心主义的触觉过载攻击，成功拒斥画廊将其同化为安全政治符号的收编企图。
59,False_Flight,0.05,0,1,Domesticated_Spectacle,该作品是纯粹的情动商品，“恐怖真空”的焦虑内核已被“爱”的叙事和糖果色美学完全消解，沦为一件供中产阶级安全消费的视觉甜品与情绪抚慰剂，PR话语消化率为100%。
60,False_Flight,0.15,0.1,0.95,Self_Mythologizing_Spectacle,以“生产”为幌子实为艺术家的自我神话，将强迫性劳动的异化痛感巧妙转化为关于创造性玩乐的浪漫叙事，并主动与波普艺术史对接以获取体制合法性，内核主动涣散以服务品牌构建。
61,False_Flight,0.1,0,1,Kawaii_Appropriation,是对“潜意识”与“冒险”概念的扁平化挪用，通过“可爱”美学无害化处理将不确定的流体固化为可控的符号游乐场，是一场模拟的深度体验，一个服务于品牌宇宙扩展的IP包，毫无逃逸之力。
62,True_Flight,0.9,0.95,0.95,Gravitational_Threat,成功伪装成历史画与抽象表现主义，内核是颜料的绝对熵增状态与对建筑空间的物理重力胁迫，通过对画廊墙体的真实威胁制造策展话语无法完全消化的物质暴力，迫使体制空间为其妥协。
63,True_Flight,0.9,0.95,0.98,Material_Antagonism,以新古典主义大理石美学为特洛伊木马渗透机构，不可消化的内核在于大理石的物理重力与所描绘的数字虚无体验之间的本体论冲突，绕过话语层面通过触觉挫败与材质对抗的战术，在观众神经末梢制造无法被资本公关收编的感知痉挛。
64,True_Flight,0.7,0.9,0.85,Chronopathic_Impasto,以单色红表现主义和文化符号为高度合法化伪装，迎合市场对创伤与野性的情动消费，内核极度稳固：由湿盖湿技法固化的时间病理与身体应激的物理痕迹构成无法被语言翻译的痉挛性物质废墟，突围战术强制观者身体在安全远观与不适近察间动态摇摆，导致具象符号在微观距离自我瓦解，制造针对感知体制的神经暴力与符号故障。
65,True_Flight,0.88,0.95,0.92,Haptic_Visual_Dysfunction,成功利用高饱和度色彩与具象表现主义的安全伪装通过蓝筹画廊话语审查，内核保留由自我监控引发的机能性痉挛，通过“触觉性视觉功能障碍”战术将观者正常视觉活动短路，强制触发本体感觉与幽闭恐惧，在神经层面实施不可被语言消化的感觉暴力，实现分子层面的逃逸。
66,True_Flight,0.75,0.85,0.9,Gravitational_Sabotage,以高饱和度花卉主题与东方诗性标题为合法伪装进入蓝筹画廊流通领域，内核处的厚涂颜料物理性下坠与浊色混合构成无法被“疗愈叙事”完全消化的异质性硬块，通过物质重力对视觉诗意的反噬在微观感知层面制造触觉短路，实施针对情动资本主义安全消费的有限但真实的突围。
67,True_Flight,0.35,0.7,0.9,Haptic_Incongruence,采用高识别度文化符号与表现主义风格作为合法伪装进入蓝筹画廊流通体系，内核稳固于油画棒与油画颜料结合引发的材质冲突，制造无法被视觉话语完全消化的触觉违和感，僭越传统观看模式，对观者施加分子层面的感觉暴力，构成一条有效的微观逃逸线。
68,True_Flight,0.3,0.9,0.95,Semiotic_Glitch_Induction,以90%的合法美学（物流崇高、无表情美学、蓝筹材质）作为高度伪装渗透画廊系统，内核（异质符号系统在网格内的非法并置）极其坚硬，通过诱发认知层面的符号故障拒斥资本话语的完全消化，构成隐蔽的感觉暴力。
69,False_Flight,0.05,0.1,0.95,Domesticated_Spectacle,核已涣散，霓虹灯工业技术将文本中的绝望悖论熨烫为平滑的情感消费品，粉色光晕与手写体伪装成“真情”，实则被资本话语完全消化，沦为安全的情感抚慰剂和装饰奇观。
70,False_Flight,0.05,0,0.98,Domesticated_Spectacle,通过金箔与厚涂技法完美实现对“神圣性”与“痛感”的奇观化包装，物质性与符号系统100%兼容于蓝筹画廊的资本话语，未发现任何不可消化的异质性内核，突围路径阙如，动机判定为迎合情动资本主义市场，是典型的核已涣散的克分子商品。
71,True_Flight,0.85,0.9,0.95,Indexical_Forensics,利用倒置图像与晚期风格作为伪装，成功将地板作画时遗留的颜料罐压痕、脚印等偶然性物理痕迹作为异质内核偷运入白立方画廊，突围战术在于通过索引性法医取证，用物理学的重力与随机性反噬图像学的意义叙事，迫使观众感知从安全的美学消费转向对物理事件的法庭旁观，核硬度极高，成功拒斥资本的生物政治调制。
72,True_Flight,0.85,0.9,0.9,Material_Sedimentation_as_Resistance,披着抽象灵性风景与生态女性主义的外衣进入白立方，内核是暴力劳作的物理沉积，通过将抵抗从符号层下潜至颜料的物质厚度与触觉过载，成功对资本的话语消化系统实施减速与感官僭越，制造无法被完全升华的物理性创伤。
73,True_Flight,0.65,0.9,0.95,Haptic_Visual_Usurpation,以高度秩序化的单色视觉图案为合法伪装进入蓝筹画廊体系，话语层面极易被IAE黑话消化，真正的异质性内核在于陶瓷媒介的物理凹陷——作为艺术家动能索引的化石，通过浮雕的物理深度引发的实时光影变化发动微观层面的“触觉对视觉的僭越”战术，在感知末梢拒斥资本对图像的完全扁平化收编，构成静默的分子式逃逸。
74,True_Flight,0.75,0.92,0.9,Thermodynamic_Sedimentation,成功利用社会介入与艺术史对话的高端伪装，将热力学过程的物理暴力（喷灯加热、沥青挤出）以地质沉积层的形式固化为不可翻译的异质性内核，通过触觉对视觉的僭越与符号系统的内部短路，以沥青的黑洞效应主动拒绝资本的话语消化与视觉收编，实施有效的分子式逃逸。
75,True_Flight,0.72,0.95,0.9,Material_Entropy,以抽象表现主义手势与色彩为伪装，通过极端厚涂引发的数十年物理熵增过程（颜料内部缓慢流动与氧化），利用物质不可控衰变从内部瓦解资本对“静态资产”的领土化。
78,False_Flight,0.05,0.1,1,Domesticated_Spectacle,完美展示了“情动资本主义”的收编机制，表面的“东方宇宙观”和“视触觉流变”完全可被IAE策展黑话平滑消化成为供中产阶级安全消费的痛感奇观，物质性的“微浮雕”触感被视觉审美化，内核的批判性张力已涣散为安全无害的“晚期风格”，未进行任何有效的战术突围，主动迎合资本的领土化需求。
96,True_Flight,0.75,0.82,0.9,Haptic_Subversion,巧妙利用欧普艺术的光学伪装混入蓝筹画廊体系，内核由数万次手工重复所沉积的“干涸的时间地质层”构成，通过触觉反噬战术在巨大尺幅迫使近距离观看时瓦解视觉，让颜料堆积的物理厚度僭越光学奇观，成功走私被资本减速所试图抹除的肉体劳动时间。
97,True_Flight,0.9,0.95,0.9,Haptic_Interruption,以纸本拼贴这一画廊安全范式为伪装，但通过剪刀硬边与水彩流体的材质冲突构筑无法被策展语言消化的异质内核，突围战术在于利用触觉对视觉的入侵，通过物理缝隙阻断观者将图像完形化或安全消费的企图，成功实施神经层面的感觉暴力，拒斥资本将其减速为政治符号或装饰品的收编引力。
98,True_Flight,0.85,0.9,0.95,Semiotic_Glitch_through_Biological_Secretions,以星图与文化符号（瓷片）为高级伪装进入蓝筹画廊流通体系，内核稳固在于蚕丝作为生物分泌物的非共情强制包裹，突围路径清晰：通过微观丝迹的分形混沌对宏观几何秩序实施触觉过载与符号污染，导致任何安全的“创伤疗愈”或“宇宙崇高”叙事发生短路，资本的话语消化酶无法分解由生物时间强行分泌的蛋白质硬块。
99,True_Flight,0.75,0.8,0.9,Haptic_Betrayal,以高度合法化的“东方抽象/液态现代性”美学为伪装进入蓝筹画廊领土化体系，异质性内核在于丙烯媒介的“塑料膜层”对传统“水墨晕染”触觉期待的背叛，突围战术强制触发从光学幻觉空间到物质性触觉表面的感知切换，制造无法被画廊公关话语消化的感官短路与微观神经痉挛，成功对抗资本将其降维为“安全装饰画”的收编引力。
100,True_Flight,0.8,0.9,0.9,Semiotic_Glitch,利用极简图式与冷抽象的合法伪装，在内核处保留强迫症式手工抹除与无语义神经痉挛，通过符号故障拒斥画廊将其降维为唯美装饰品的收编企图。
100,True_Flight,0.85,0.95,0.9,Haptic_Obfuscation,以对审查制度的隐喻为合法伪装，通过极简主义外壳进入蓝筹画廊，内核是由标点噪音构成的无法阅读的“盲镜”，利用材质的触觉冲突和微观感官轰炸成功僭越视觉中心主义，制造认知眩晕与神经痉挛，系统性地拒斥资本的话语消化与情动调制。
101,True_Flight,0.72,0.88,0.9,Haptic_Veto,以都市创伤审美学和极简主义伪装混入画廊系统，不可消化内核是麻布与石膏构成的微观“伪皮肤”表面，在白盒子“禁止触摸”律令下持续侵扰视觉，制造感官层面的挫败与痉挛，通过触觉否决反噬画廊的视觉中心主义。
102,True_Flight,0.75,0.95,0.9,Metric_Brutalism,以“后网络观念绘画”和“抽象表现主义”为高度合法伪装进入画廊体系，异质性内核在于标题中“10.60公斤”这一精确物理度量，构成对艺术市场符号价值体系的粗暴僭越，将美学阐释拉回物质重量现实，形成拒绝策展黑话完全消化的顽固内核，实现度量衡粗野主义的内部爆裂。
103,True_Flight,0.85,0.9,0.95,Haptic_Stasis,利用欧洲艺术电影美学和废墟奇观为伪装，内核为C-print化学材质、翠绿色水体触觉暴力与划桨动作的绝对无效性构成的物理/神经痉挛，通过“材质时差”与“触觉性静止”僭越视觉中心主义，实施拒绝被语言和资本收编的内脏打击，符号系统死锁，阻断升华为安全政治口号的可能。
104,True_Flight,0.45,0.85,0.95,Osmotic_Desiccation,利用“抒情抽象”与“后疫情创伤”等可被话语收编的伪装，内核为石墨网格与稀释油彩共生制造的“渗透性干涸”视觉-触觉体验，僭越纯粹视觉，以低烈度物性痉挛对抗蓝筹画廊将其降维为安全美学商品或政治符号的收编引力。
105,True_Flight,0.75,0.9,0.95,Taxonomic_Violence_Exposure,以高品质冷面档案美学为合法伪装进入画廊体系，异质性内核在于标题中执行的分类学暴力——行政代码“S398”对土地意义的抽空与取代，通过引发符号层面故障抵制策展话语将其简化为“人类世批判”奇观的收编努力，揭露现代治理术对世界进行数字化阉割的冷硬程序，核极稳固，成功实施感觉层面的认知暴力。
106,False_Flight,0.3,0.4,0.95,Haptic_Seduction_Denied,伪装成对童年创伤的心理建筑学探讨，成功被蓝筹画廊话语收编，内核仅存微弱的材质悖论（果冻质感与工业轴承冲突）引发的触觉短路，但远不足以构成对情动资本主义的有效突围，最终沦为精致的、可供安全消费的“痛感装饰画”。
107,True_Flight,0.72,0.81,0.95,Forensic_Chiaroscuro,以90%的古典巴洛克风格（暗色调、罩染、宏大叙事）为高级伪装进入蓝筹画廊系统，异质性内核在于对“时间性”的伪造和对古典权力符号（狮子）的法医式冷光凝视，通过将工业/法医光源植入神圣的Tenebrism传统，将历史画降格为权力尸体的防腐标本，制造无法被资本话语完全消化的恋尸癖式诡异感，实施微观的感觉突围。
108,True_Flight,0.78,0.85,0.9,Haptic_Contradiction,以明星肖像和女权主义奥达利斯克为合法伪装进入蓝筹画廊，在珐琅材质的触觉矛盾处保留不可消化核：工业冷感光泽模拟数字屏幕，指尖涂抹痕迹留下肉体索引，蒸汽既是视觉模糊剂也是拒斥观看的界面，在神经层面制造安全审美距离的暴力撕裂，避免被完全话语化收编。
109,True_Flight,0.85,0.9,0.95,Haptic_Entropy,以具象静物为伪装，通过均质化、高密度笔触堆积启动触觉熵增程序导致图像透视短路，内核是一面不可渗透的颜料地质墙，以物质性僭越视觉，成功抵抗资本将其降维为装饰品或性别符号的收编引力。
110,False_Flight,0.2,0.1,0.9,Domesticated_Spectacle,通过宏大的废墟美学与东方诗学并置伪装成对文化霸权和消费主义的批判，但所有视觉符号均能被IAE话语完美翻译和消化，内核无任何拒斥解读的痉挛点，图表灾难已沦为市场认可的风格标签，未能构成实质性突围，被判为供中产阶级安全消费的情动资本主义商品。
111,False_Flight,0.3,0.2,0.85,Domesticated_Spectacle,以多巴胺色彩和反凝视姿态为幌子试图提供后人类感官起义，但“反凝视”的奇观被话语系统迅速收编为安全的政治姿态，视觉触感被转化为对消费品的恋物式抚摸，苏轼词句进一步将其减速为情绪抚慰剂，内核涣散，突围失败，被判为潮流盲盒。
112,True_Flight,0.75,0.9,0.95,Material_Incommensurability,是高度伪装的观念特洛伊木马，表层（极简美学、生态观念）极易被画廊PR话语收编为安全的“人类世奇观”，异质性内核在于弹性绳索与干燥木材微观接触点的“材质不可通约性”——工业张力与有机形变之间无法被语义回收的物理战争，通过引发触觉痉挛与物质疲劳焦虑反噬“修复/缝合”温情叙事，将资本展示柜转化为持续的感觉论故障现场。
113,True_Flight,0.85,0.9,0.95,Algorithmic_Undermining,以“后人类废墟”的图像学为高合法性伪装，内核处的藏本模型实时运算构成无法被话语消化的数学硬核，突围路径在于：用算法的“生成”逻辑僭越图像的“再现”逻辑，用“实时性”的时间病毒瓦解画框的纪念碑性，用与太阳同步的“行星尺度”数据流入侵画廊的“白立方”真空，成功在资本体制内植入非人的、感觉痉挛的自动机内核。
114,True_Flight,0.3,0.8,0.95,Material_Counterfeit,在图像学层面被策展黑话高度消化构成完美特洛伊木马伪装，内核在于粉彩媒介在布面上的物理伪造与脆弱性，形成无法被画框资产化的、即将崩解的触觉痉挛点，以物质造假战术从内部腐蚀艺术史正典与资本封装。
115,True_Flight,0.72,0.95,0.9,Parasitic_Hypertrophy,利用古董圣像罩的“神圣尊严”与SLA 3D打印的“技术奇观”作为90%合法伪装，异质性内核在于“寄生性增生”战术：树脂云团并非与圣像罩“对话”，而是病理性侵占其功能性空洞，制造“本体论真空被癌变物质填充”的生理性痉挛，抵抗被降维为唯美装饰品，在白立方中植入关于精神彻底缺席的异质性肿块。
116,True_Flight,0.88,0.98,0.9,Iconic_Stratigraphy,利用古董圣像的文化资本与金箔的审美/经济价值作为90%合法伪装，异质性内核在于“图像地层学”战术：通过物理覆盖制造不同价值层之间不可逆的本体论断裂，金箔不是升华而是埋葬，幸存的眼睛不是窗口而是坟墓的窥视孔，抵抗被解读为政治符号或极简装饰，在白立方中树立起一座关于“沉默与不可逆”的反话语纪念碑。
117,True_Flight,0.65,0.9,0.95,Haptic_Sabotage,利用90%的二色性光学奇观为合法伪装进入蓝筹画廊审美体系，内核——“锤痕玻璃”的触觉残暴——构成无法被IAE话语完全消化的物理疤痕，突围路径为“触觉蓄意破坏”：当视觉被液态光色魅惑时视触觉层面周期性地绊倒在锤痕纹理上，制造图表与灾难的内爆，强迫感知在非物质与物质创伤间摆荡，对资本的话语减速装置实施神经层面的微小短路。
118,False_Flight,0.15,0.1,0.9,Domesticated_Spectacle,成功模仿观念艺术的外壳，但语义游戏和工业废墟感已被白立方空间完全消化为安全的智性装饰品，异质性内核涣散，沦为艺术家个人风格的签名商品，未能突破资本的话语收编。
119,False_Flight,0.2,0.3,0.95,Domesticated_Spectacle,通过“缺席”与“拟像”的观念幌子（IAE消化率极高）进行合法伪装，材质悖论引发的触觉剥夺本可作为异质内核但已被高度风格化为艺术家签名商标，神经层面的微弱痉挛被观念话语迅速收编，最终作为一件安全的“观念趣味品”被领土化于蓝筹画廊的资本逻辑中。
120,True_Flight,0.85,0.95,0.98,Material_Absorption,核心突围机制在于将“不透明主体性”的政治隐喻转译为丙烯颜料“绝对不透明”的物理事实，黑色剪影区域作为拒绝反射的感知黑洞成功制造瞬间神经痉挛，在可被画廊话语完全消化的90%伪装之下保留10%不可被意义收编的感觉暴力，利用材质本体论对情动资本主义实施微观感觉政变。
121,True_Flight,0.75,0.9,0.95,Haptic_Disgust,以高超的超现实主义与波普图式为合法伪装进入画廊体系，内核极其稳固，通过“手指”意象触发不可翻译的触觉性厌感，并以油画材质的永恒性与抽纸的瞬逝性构成材质悖论，拒斥被简化为消费主义批判符号，通过对感官的生理性侵入实施针对情动资本主义调制系统的微观突围。
122,True_Flight,0.85,0.9,0.9,Semiotic_Glitch_through_Material_Aggregation,危险地利用了“眼睛”这一可被策展话语安全消化的宏观符号为伪装，真正的逃逸力在于构成此符号的无数微观笔触保持着分子态的狂乱与离心倾向，导致宏观符号在感知中被其物质构成所短路和瓦解，内核是符号的自我崩溃过程，拒斥被解读为稳定的“凝视”，转而引发视觉失焦的神经痉挛。
123,True_Flight,0.8,0.95,0.95,Haptic_Overload_through_Statistical_Saturation,以“极多主义”和精湛工艺为几近完美的合法伪装，突围战术在于将“重复”推至统计学临界点，使笔触密度超越人类视觉整合为“韵律”的阈值，内核是由无限同一的微观笔触构成的无意义物质聚合体，不对观众“讲述”而是“持存”，通过纯粹的感官过载引发神经系统层面的麻木与压迫，将画廊转化为感觉的耐力测试场。
124,True_Flight,0.55,0.95,0.95,Phenomenological_Flicker,以90%合法伪装（宣纸山水、极简美学）潜入蓝筹画廊，内核并非可被话语消化的“东方精神”或“女性劳动”，而是由73.6万个针孔构成的不可翻译的物理-光学现象，突围路径为“现象学闪烁”：利用观者近距离“鉴赏”行为瓦解视觉主导，触发触觉联想与神经层面的光扰动，在安全文化消费内部制造微型的、拒绝被语言减速的感觉暴力事件，核极度稳固，动机在于逃逸。
125,True_Flight,0.45,0.85,0.95,Material_Stress,是高度伪装的分子机器，“后书法抽象”与“慢暴力”的PR叙事极易被资本消化，稳固内核在于油彩与丙烯混合技法产生的不可控物理应力，制造触觉对视觉的僭越，该微观层面的感觉暴力无法被图像或话术完全翻译，在白盒子内部保留对资本平滑叙事的微型抵抗。
126,True_Flight,0.82,0.9,0.95,Haptic_Toxicity,高度伪装为多伊格式的抒情忧郁风格以通过画廊收编检测，内核通过颜料材质实施触觉毒性反噬：腐败血浆状的河流质感与镉橙引发的视网膜神经痉挛构成无法被话语消化的感觉硬核，成功实施一次微观政治的感觉逃逸。
127,True_Flight,0.75,0.85,0.9,Haptic_Glitch,利用冷抽象风格与“节气/时间”的策展诗意作为伪装，通过多层油画颜料的机械性刮擦与微观溢出，发动触觉对光学的僭越，保留拒绝被资本话语消化的物质痉挛与时间法医学刻度。
127,True_Flight,0.75,0.85,0.9,Haptic_Usurpation,以90%的后数字时代光学抽象为合法伪装，迎合对科技创伤与东方禅意的安全消费，异质性内核在于远观（光学平滑）与近观（物理触感）之间的感知裂隙，当观者接近时视觉幻象崩塌，颜料堆积的物质性对视觉实施暴力僭越，制造无法被策展话语平滑翻译的身体性痉挛，作为“时间尸体”的物理厚度是其拒绝被资本彻底领土化的突围路径。
128,False_Flight,0.15,0.05,1,Domesticated_Spectacle,是情动资本主义的完美范本，将街头涂鸦原始能量彻底摩尔化替换为高科技工业材料的精密美学，关于都市异化与监控社会的批判主题已被画廊策展话语完全消化并安全包装，沦为可供高净值人群安全消费的智识装饰与视觉糖果，表面的一切狂乱均处于参数的绝对控制之下，不具备任何分子式逃逸潜能，内核涣散，是资本秩序在艺术场域的一次完美自拍。
129,True_Flight,0.85,0.95,0.9,Semiotic_Implosion,利用“考古学拟像”作为合法伪装，内核是一个由材质置换导致的“信息黑洞”，通过“符号内爆”战术熔断能指与所指，在画廊内部制造拒绝话语消化的意义短路区。
130,True_Flight,0.65,0.8,0.7,Haptic_Territorialization,以“跨文化创伤”叙事为伪装，异质性内核在于对观众内感受的强行征用，突围战术为“触觉辖域化”，发动触觉对视觉中心主义体制的反攻，在画廊空间内创造由神经信号重新领土化的飞地，部分绕过资本的话语消化。
131,False_Flight,0.1,0.05,0.98,Domesticated_Spectacle,表现为一件被完美驯化的高级珠宝静物，内发光效果顺滑唯美未能对物体轮廓构成任何瓦解，微弱的倒影仅作为构图脚注毫无本体论威胁，“稀薄颜料”技术完全服务于视觉愉悦，核已完全涣散，沦为豪宅墙面上的安全审美点缀。
132,False_Flight,0.2,0.1,0.92,Semiotic_Domestication,引入类肉石纹理与漂浮的白色笔触本可构成“符号故障”，但笔触被过早锚定为“书写性线条”与东方符号，异质性萌芽在产生破坏力前即被文化话语中和，球体的模糊性被轻盈的审美元素驯化，未能触发德勒兹式的图表灾难。
133,False_Flight,0.05,0,0.99,Allegorical_Illustration,是“逃逸”被寓言化、图像化的典型失败案例，直白描绘神话叙事的符号（鸟/面具）使其沦为尤瑟纳尔文本的安全插图，图像本身未产生任何不可消化的感知暴力，形态流畅优美缺乏畸变，是一次叛逃的宣告而非叛逃行动。
134,False_Flight,0.15,0.08,0.93,Prematurely_Archived_Glitch,黑色球体边缘的光晕曾含有构成“视觉不可判定性”的微弱潜能，但该痛点被策展话语和画面处理过快地归档为“宇宙中的天体或黑曜石”，黑洞未能成为符号的深渊只是一个黑色圆形，异质性在萌芽阶段即被捕获和命名。
135,True_Flight,0.85,0.9,0.95,Metallurgic_Spasm,利用24K金与严密网格作为终极资本伪装，在内核处保留无机物挤压的纯粹力的图表，通过冶金痉挛实施触觉对视觉的僭越，抵制画廊的话语消化。
135,False_Flight,0.1,0.2,0.98,Domesticated_Spectacle,将“时间异化”主题与24K金、不锈钢完美结合，提供关于“技术批判”的安全消费奇观，批判内核被自身的高工业完成度和策展话语完全消化，沦为风格化的观念装饰品。
136,True_Flight,0.9,0.95,0.9,Analog_Latency,利用探讨数字美学的观念为伪装，内核是物质性的伪像——油画颜料在丙烯网格边缘的物理溢出与堆积，战术为“模拟延迟”：通过手工劳作不可避免的物理“错误”与时间密度对观者实施感知伏击，拒斥数字资本主义的平滑与高效。
137,True_Flight,0.85,0.9,0.9,Thread_as_Resist,利用控制论与光栅美学为伪装，内核是作为“抗蚀剂”的物理之线，战术为“线作为抗蚀”：通过线对颜料流动的物理性阻断与拒绝，将抽象的权力控制展示为物质化的暴力，对观者的触觉想象实施侵犯。
138,True_Flight,0.7,0.85,0.9,Abject_Biomorphism,利用赛博朋克与科技界面美学为伪装，内核是被囚禁在理性框架内的、变异的紫色“内脏”形态，战术为“卑斥生物形态”：在技术理性核心植入病变的、令人恶心的生物器官，实施特洛伊木马式反转，唤起观者内脏层面的焦虑，拒斥技术乐观主义叙事。
139,False_Flight,0.15,0.2,0.95,Domesticated_Spectacle,表面呈现材料对抗与后互联网孤独，但所谓的“异质性内核”（油画棒与丙烯物理排斥）已被完全风格化并驯服，高饱和度色彩与扁平图形极易被画廊话语系统翻译为安全的“酷感忧伤”与装饰性商品，未能对资本的生物政治调制构成任何有效突围，是精准校准的情动资本主义潮流商品。
140,False_Flight,0.15,0.1,0.95,Domesticated_Spectacle,是典型的“情动资本主义的潮流盲盒”，关于劳作的禁欲主义被完美风格化为供市场安全消费的“高级绘画品味”，内核涣散，完全被画廊的“话语消化酶”和“画框领土化”收编，未能形成任何有效的战术突围。
141,False_Flight,0.05,0.1,0.95,Domesticated_Spectacle,银叶覆盖的枯枝圆环，通过贵金属反光与完美几何形将有机混沌美学净化，时间错位的诗意被画廊灯光安全溶解，无痉挛剩余，核涣散，沦为高净值冥想装饰品。
142,False_Flight,0.1,0.15,0.9,Domesticated_Spectacle,荧光三原色堆叠对地质时间进行符号过度编码，极简主义形式合法化内部喧嚣，石块物质性被色彩话语完全驯化，核涣散，沦为安全视觉奇观。
143,False_Flight,0.1,0.15,0.9,Domesticated_Spectacle,色序变奏仅增强商品矩阵逻辑，冷至暖的色温叙事进一步消解物质陌异，核涣散，同属被收编的符号过度编码。
144,False_Flight,0.05,0.1,0.98,Domesticated_Spectacle,红黄蓝序列主动接入现代主义色彩构成话语，艺术史叙事彻底覆盖物质批判性，臣服最为彻底，核涣散，沦为安全引用与风格传承。
145,True_Flight,0.9,0.95,0.9,Haptic_Slimy_Revenant,以培根式构图为伪装，内核处通过高粘度油画颜料的“黏液反光”制造了无法被语言消化的触觉梗阻，成功将屏幕时代的数字质感物质化为一个恶心的肉身硬核，对画廊无菌的视觉空间实施神经性污染。
146,False_Flight,0.15,0.1,0.95,Domesticated_Spectacle,混乱与纠缠是高度风格化的安全奇观，内核已涣散，所有视觉元素均可被IAE策展话语完美翻译和收编，未能构成对体制的突围，反而作为“合法的激进姿态”巩固了情动资本主义的市场逻辑。
147,False_Flight,0.15,0.2,0.95,Domesticated_Spectacle,强符号（白旗）和档案馆命名法构建了完美的观念陷阱，微弱的物质性抵抗（触觉摩擦）被巨大的符号学引力场完全捕获，作品沦为可被无限阐释的政治寓言文本，是情动资本主义的典型标本。
148,False_Flight,0.1,0.15,0.98,Domesticated_Spectacle,作为系列的高潮叙事，冲突奇观与浪漫主义色彩被资本话语完美翻译为“抵抗的具身化”，物质性完全服务于戏剧性叙事，无任何不可消化内核。
149,False_Flight,0.05,0.05,0.99,Domesticated_Spectacle,系列中最彻底向资本投诚的作品，描绘“后果”的忧郁被降维为高级装饰画，政治暴力被净化为可供安全消费的情绪抚慰剂“创伤后的疲惫”，内核完全涣散。
150,True_Flight,0.85,0.9,0.95,Haptic_Overload,该作品成功利用表现主义油画的合法外衣进行伪装。其内核“肉身化的辐射光”极其稳固，通过厚涂颜料制造的触觉过载，将视觉体验转化为一种内脏层面的生理攻击，有效抵制了画廊将其降维成安全装饰画或政治符号的话语消化。
151,True_Flight,0.95,1,0.9,Material_Friability,该作品以传统纸上粉彩的合法形式为伪装，携带了一个绝对坚硬且异质的内核：“灰尘的本体论抵抗”。其突围战术为材质反噬，利用粉彩不可避免的物理易碎性和熵增过程，嘲弄并瓦解了画廊通过技术保护赋予其永恒价值的领土化行为。它用自身的死亡作为最终的逃逸线。
152,True_Flight,0.3,0.9,0.95,Haptic_Subversion,该作品拥有极高伪装度，表面图像学符号（女性赋权、跨文化引用）极易被资本PR消化。然而，其内核稳固于纺织材料的物理性反噬：布料的重力与柔软质感悬置了图像的暴力动能，通过触觉对视觉的僭越，在画廊内部制造了无法被观念平滑吸收的物理痉挛，成功实施了微观层面的感觉突围。
153,True_Flight,0.72,0.85,0.9,Material_Entropy_As_Strategy,该作品利用90%的极简主义美学与符号学游戏作为合法伪装，成功进入蓝筹画廊系统。其内核的异质性在于织物材料所固有的、不可逆的熵增过程，它挟持了整个力学系统，将作品从静态商品转化为动态的“毁灭事件”。这一战术成功抵抗了资本对作品永恒性的领土化企图，制造了无法被策展话语消化的物理/伦理两难。
154,True_Flight,0.75,0.85,0.9,Etymological_Aphasia,诊断逻辑：作品成功利用新表现主义废墟美学的合法外衣，通过标题的语义减法制造了语言层面的认知梗塞。这个无法被流畅发音的符号学故障点，拒斥了画廊策展话语对“人类世创伤”叙事的平滑收编，保留了作品在符号秩序层面的异质性硬核。
155,True_Flight,0.9,0.95,0.8,Haptic_Strangulation,诊断逻辑：作品在极易被后殖民理论话语收编的极端风险下，通过材料的物理属性（木炭、烟灰）和绞杀形态，构建了一个逾越视觉中心主义的触觉陷阱。它将殖民暴力的抽象叙事，转化为画布上对观众神经系统的直接肉身攻击（触觉性绞杀），成功僭越了白盒子的安全观看制度，实现了感知层面的分子式逃逸。
156,True_Flight,0.92,0.95,0.9,Gravitational_Tribology,该作品成功利用波普表现主义的合法伪装(90%)，在内核处植入粉彩颗粒的物理性剥落作为反资本的物证(10%异质)。突围战术为重力摩擦学:通过粉彩与丙烯的附着力差，制造了注定随时间掉渣的物质定时炸弹，以重力锚定对抗资本失重神话，以触觉联觉僭越画廊视觉独裁。核极度稳固——它是化学事实，非阐释学可消化。
157,True_Flight,0.96,0.98,0.85,Entropic_Contamination+Recursive_Gaze_Trap,该作品采用双重突围战术。物质层:在85%合法伪装下，利用木炭的熵增本性植入污染源——木炭颗粒的不可逆剥落是对商品永恒性的热力学亵渎。场域层:在70%合法伪装下，通过画作与镜子、墙洞、音频的嵌套循环制造感知莫比乌斯环——观者遭遇凝视递归直至认知堆栈溢出。双核极度稳固:熵增是物理定律，递归是拓扑结构。作品不是被观看的客体，而是主动捕获并消化观者的装置，彻底颠覆资本对无菌商品与主权主体的双重神话。
159,True_Flight,0.75,0.85,0.9,Somatic_Disjunction,以90%构成主义几何网格作为合法掩体，诱导资本将其降维为安全极简装饰；核心10%的红色病理学孔洞，通过拒斥触碰的金属冷硬感与粗糙悬挂点位，实施Somatic_Disjunction战术，使画廊话语消化酶短路，维持作为“心理矫形器”的不可消化物理痛感。
159,True_Flight,0.88,0.98,0.95,Somatic_Black_Hole,以装置美学、福柯式符号与参与式剧场为伪装，通过沉默、静止、负重的真人肉身在场，构成无法被理论消化与视觉美化的伦理黑洞，瓦解观众作为安全体验者的审美距离。
159,True_Flight,0.85,0.9,0.9,Haptic_Visual_Dissonance,该构件以构成主义/极简主义几何抽象的合法伪装进入白盒子空间，但其无法被身体尺度同化的绝对尺寸、非叙事的空洞形态以及红色椭圆在黑色网格中制造的纯粹感知暴力，构成了其不可消化的异质性内核。作品通过制造视觉秩序与触觉危险想象之间的感官失调(Haptic_Visual_Dissonance)及拒绝符号学解读的失语状态(Semiotic_Aphasia)，成功抵御了策展黑话与情动资本主义的话语消化酶，在微观神经层面实施了有效的逃逸。
164,True_Flight,0.85,0.9,0.95,Haptic_Visual_Spasm,作品以高超的后数字错视技法（90%合法伪装），成功嵌入蓝筹画廊体系。但其核心的红青双色偏移（Anaglyph）并非单纯的美学风格，而是一个感知陷阱。它直接触发观者眼球聚焦系统的生理性痉挛，将观看行为强制转化为一种触觉性/神经性的身体事件。该痛感核极度坚硬，拒绝被策展话语消化，在商品化的表象下成功实施了微观的神经暴力，实现了感觉层面的逃逸。
165,True_Flight,0.75,0.9,0.95,Material_Camouflage,该作品成功利用抽象绘画与观念艺术的合法伪装，在内核处保留了工业羊毛材质引发的视觉-触觉短路。它以材质的伪饰替换了图像语言，对抗了资本将其降维为安全观念艺术的收编引力。
166,False_Flight,0.2,0.3,0.1,Domesticated_Spectacle,作品表面的后人类生物形态奇观完全被策展话语消化。其内核的时间性物质眩晕被高光泽美学所涣散，未能形成有效的感知突围，最终沦为情动资本主义市场中的高级装饰品。
167,True_Flight,0.85,0.95,0.85,Abject_Geology,该作品以人类世地质标本为伪装，内核处却保留了无法被美学消化的卑贱地质学暴力。它通过陶瓷的物理性强行唤起触觉厌恶与生理联想，成功僭越了画廊无菌视觉政体，实施了分子层面的感知玷污。
169,True_Flight,0.9,0.95,0.9,Haptic_Terrorism,该作品通过模仿架上绘画和传统挂毯(90%合法伪装)，成功进入蓝筹画廊体系。其不可消化的内核在于其物质性本体：回收金属的锋利边缘与历史毒性构成了一个前语言的、无法被审美救赎的物理-感知痛点。突围战术被判定为触觉恐怖主义，即通过高密度视觉网格引发符号故障，进而迫使观众的触觉系统对潜在的物理伤害发出警报，从而劫持了安全观看的审美体验，并最终拒斥了资本将其降维为装饰品或政治正确口号的话语消化。
173,False_Flight,0.15,0.1,0.95,Domesticated_Spectacle,该作品成功伪装成关于时间循环的装置，但其物理张力已被展墙和螺丝钉完全压制，沦为安全的现代主义怀旧碎片，未能产生感觉逃逸。
174,True_Flight,0.75,0.9,0.88,Material_Abjection_Overload,该作品成功利用极简主义工业铝框作为合法伪装，在核心处植入一团不可翻译的、充满厨房卑贱感的皱褶铝箔。铝箔以触觉层面的痉挛短路了视觉层面的无菌美学，拒斥了资本将其完全奇观化的企图。
175,False_Flight,0.05,0,1,Domesticated_Spectacle,该作品是典型的“深层时间”视觉麻药。表面刮擦的手势暴力已被审美化的油彩完全消解，画框将其牢固地锁定在安全的装饰品范畴内，内核彻底涣散。
176,True_Flight,0.95,1,0.9,Material_Entropy_Seepage,该作品以生态批判符号与工业现成品为合法伪装，成功进入画廊领土。其内核是一个拒绝符号化的真实物理学事件——橡胶聚合物在液压暴力下的分子级熵增与应力松弛。突围战术精准地绕过了话语消化机制，通过诱发观者的触觉想象与本体感觉模拟，对神经系统实施了直接的感觉暴力，从而在白盒子空间内制造了一个无法被资本收编的、持续焦虑的物自体剧场。
177,False_Flight,0.1,0.2,0.95,Domesticated_Spectacle,该作品虽以“集体记忆图谱”和“像素化身体”为伪装，但其形式语言（Blockworks）与材质（耐候钢）已被艺术市场及策展话语完全收编。其异质性内核——即通过场域特定性激发的本体感受针灸效应——在脱离具体城市角落进入白盒子空间后彻底涣散，沦为可供安全消费的工业怀旧奇观。未检测到任何有效的神经痉挛或符号故障，判定为表演性情动的假木马。
178,True_Flight,0.9,0.95,0.9,Haptic_Terrorism,该作品通过模仿架上绘画和传统挂毯(90%合法伪装)，成功进入蓝筹画廊体系。其不可消化的内核在于其物质性本体：回收金属的锋利边缘与历史毒性构成了一个前语言的、无法被审美救赎的物理-感知痛点。突围战术被判定为触觉恐怖主义，即通过高密度视觉网格引发符号故障，进而迫使观众的触觉系统对潜在的物理伤害发出警报，从而劫持了安全观看的审美体验，并最终拒斥了资本将其降维为装饰品或政治正确口号的话语消化。
179,True_Flight,0.85,0.95,0.9,Haptic_Implosion,该作品以对现代主义建筑的精致挪用和“自画像”的古典标签作为高水平伪装，成功进入蓝筹话语体系。其异质性内核在于对玻璃反光界面的处理，该界面制造了一个视觉无法对焦的触觉短路点。其突围战术（Haptic_Implosion）通过材质对印刷品的反噬、A4尺度的感知暴力和对“自画像”概念的图表性篡改，瓦解了观众的安全凝视，将主体性溶解于建筑的光学法则中，拒斥了资本将其降维为知性装饰画或身份政治注脚的收编企图。
180,False_Flight,0.1,0,0.95,Domesticated_Spectacle,该作品是一件被完全驯化的商品。它提供了关于粗野主义建筑的纯粹形式主义凝视，剥离了《自画像》中充满本体论危机的玻璃反光。其异质性内核已完全涣散，策展话语可100%消化其关于“挪用”与“现代主义遗产”的主题。它主动迎合了市场对知性装饰画的需求，沦为一件安全的、为建筑师和设计爱好者准备的学术摆件。
181,False_Flight,0.05,0,0.98,Series_Replication,该作品是系列化资本生产的典型症状。它的存在服务于对既有成功范式的重复和榨取，旨在巩固系列的市场地位并稀释《自画像》中异质性内核的危险浓度。它没有内核，只是一个空洞的风格能指，心甘情愿地充当了资本包裹特洛伊木马的缓冲包装材料。
182,True_Flight,0.75,0.9,0.95,Haptic_Optical_Friction,该作品成功利用具体艺术的理性主义外壳作为伪装。其内核保持着由材质界面引发的、无法被话语消化的视神经摩擦。它通过触觉性视觉摩擦的微观暴力，拒斥了商品拜物教化的彻底收编，在感知层面实施了有效的逃逸。
183,False_Flight,0.05,0.1,1,Domesticated_Spectacle,该作品的内核已完全涣散。其宣称的感知解放被无缝征用为城市士绅化的感官麻醉剂。它未能构成任何突围，是情动资本主义潮流盲盒的完美典范。
184,True_Flight,0.9,0.95,0.9,Haptic_Overload_Via_Visual_Channel,该作品成功利用科学标本柜的禁欲美学作为伪装，其内核是由聚氨酯对有机物的物质反演与毒蝇伞/普通蘑菇缝合造成的认知图表灾难构成的坚硬痉挛发生器。作品通过视觉细节诱发触觉痛感，并制造了让策展语言短路的符号故障，拒斥了被收编为政治符号或高级装饰品的命运。
185,True_Flight,0.42,0.75,0.88,Optical_Jurisdiction_Override,作品以90%合法伪装(黑白废墟美学/东方禅意叙事/手工银盐恋物癖)通过画廊策展筛选，但其10%异质内核——“两倍无限远”的物理学非法操作、银盐颗粒的物质性反噬、熟悉符号的幽灵化引发的神经痉挛——成功通过篡夺光学管辖权实施了突围。核稳固于媒介物质性与技术操作的本体论层面，拒斥被策展黑话完全翻译。战术本质：利用白盒子合法性空间，植入对视觉消费体制的微观破坏程序。
188,True_Flight,0.88,0.92,0.95,Cartographic_Interruption,该作品以罗斯科式的红色色域与西藏创伤地理学为高度合法化的伪装层(伪装质量0.95)，成功混入蓝筹画廊的流通体系。其异质性内核——三条代表国家制图学暴力的水平直线——构成了无法被IAE策展黑话消化的感觉异物(不可消化指数0.88)。通过Cartographic_Interruption战术，水平网格对垂直瀑布流动的切割在观者视觉神经层面制造了节奏性故障(Ocular Arrhythmia)，将历史暴力的情动痕迹直接注册为身体痉挛，彻底拒斥了资本将其降维为安全精神消费品的收编企图。核稳固度高达0.92。
189,True_Flight,0.85,0.9,0.95,Haptic_Overload_Via_Micro-Fractal,该作品表面以精湛手工艺和人类世废墟美学为合法伪装，成功进入蓝筹画廊话语体系。然而，其内核根植于纸板横截面的瓦楞工业结构，它作为不可消化的微观图表层，在观众近距离凝视时触发视觉向触觉的强制性转换。这种通过尺度切换制造的感官过载，形成了一处无法被策展语言平滑翻译的神经痉挛点，有效瓦解了资本对痛感的安全消费模式，完成了一次物质层面的微观政治突围。
190,True_Flight,0.75,0.9,0.95,Haptic_Overload_Semiotic_Short-Circuit,该作品以高超的绘画性（模糊）和崇高尺幅作为合法伪装，成功进入蓝筹画廊系统。然而，其内核由视觉的“模糊”与数十万鱼钩构成的触觉“锐利”之间的感官悖论构成，极其稳固。它通过触觉过载战术，迫使观众的身体介入安全的凝视过程，制造了神经层面的撕裂感；同时，其“模糊”战术导致政治符号的意义短路，阻碍了资本话语的完全消化。最终，它在商品化的外衣下，保留了对观众实施感觉暴力的能力，是一次成功的战术突围。
193,False_Flight,0.15,0.1,0.95,Domesticated_Spectacle,作品表面激进，实则内核涣散。其视神经攻击已被IAE策展黑话（后人类追问、感知场域）完美翻译和消化，转化为可安全消费的“痛感奇观”。选择布面丙烯这一经典媒介，是向资本领土化（画框、白盒子）的根本性妥协。GRAV的政治激进主义被阉割为艺术史背景和风格标签。作品未发展出任何反体制的突围战术，其动态被局限于个体生理内部，成为一件关于“反叛”的、高度商品化的精英装饰品。
194,True_Flight,0.75,0.9,0.95,Haptic_Visuality_Micro_Trauma,该作品成功利用“私密手稿”与“日常静物”作为伪装，通过了画廊的话语安检。然而，其内核由纸本墨水的不可撤销性所铭刻的身体痉挛构成，极度稳固。它通过触觉视觉的微创伤战术，制造了感知层面的符号故障，使观者的视网膜遭遇不可被叙事消化的物理性摩擦。成功拒斥了被降维为极简装饰品或创伤奇观的资本收编。
195,True_Flight,0.85,0.95,0.9,Haptic_Disconnect,该作品以蓝筹画廊经典的玻璃展柜为合法伪装，成功渗透白盒子空间。其内核由“柔软织物（触觉召唤）”与“工业玻璃（视觉隔离）”的不可调和对抗构成，通过制造“欲触而不能”的现象学暴力，将画廊的展示装置反转为临床隔离箱。其突围路径精准地作用于观者的前语言身体感知，实施了一次触觉剥夺层面的神经休克，彻底抵制了策展黑话将其降维为“女性创伤奇观”或“手工怀旧物”的话语消化。
200,True_Flight,0.9,0.95,0.95,Scale_Mismatch_Assault,作品以巨幅历史画的物理尺度包裹了一个极度内缩、拒绝叙事的私密背影。其内核是尺度与内容之间的感知断裂，成功利用尺寸的伪装，对画廊空间和观众的阐释欲望实施了静默挤压，拒斥了被降维为安全装饰画或身份政治图解的命运。
201,True_Flight,0.88,0.95,0.9,Semiotic_Glitch_via_Material_Kitsch,作品在魔幻现实主义风俗画的合法伪装下，通过前景人物脸上突兀的、工业感十足的亮黄色轮廓线发动战术突袭。这个微小的媚俗元素导致了整个怀旧符号系统的瞬时故障，形成了一个无法被后殖民理论话语平滑吸收的感官硬核，暴力阻断了任何浪漫化解读。
202,False_Flight,0.4,0.55,0.85,Domesticated_Spectacle,该作品试图通过“操作性质变”（Operational_Transubstantiation）的战术，将炭笔的擦除动作与提香画中的剥皮母题在本体论层面短路，构筑了一个坚固的“双重剥皮”感觉内核。然而，其明确的古典大师参照系和纸本媒介的“手稿”身份，使其被艺术史话语和画廊体制预先消化为一场安全的跨时空对话。尽管内核硬度较高，但最终未能突破情动资本主义的消化机制，沦为一件关于暴力的、可被智力安全消费的暗黑美学商品。
203,True_Flight,0.9,0.95,0.9,Material_Anesthesia,该作品以蓝筹大师签名和异域叙事为合法伪装（90%），成功进入市场流通。然而，其真正的逃逸力在于选择了绝对平滑的数字微喷媒介来转译肉身搏杀的街头暴力。这种媒介的“材质麻醉”效应，构成了一个无法被画廊PR话语消化的冰冷内核，它拒斥了观众对创伤的触觉共情，反向揭示了资本系统对历史痛感的数字化消毒机制。这是一次对“情动资本主义”消费伦理的精确战术打击。
207,False_Flight,0.25,0.3,0.95,Material_Sedimentation_As_Noise,尽管作品通过露天创作嵌入了不可消化的物理沙砾噪音，但其核心视觉符号与创伤治愈叙事已被蓝筹画廊话术完美收编，沦为供中产阶级安全消费的表演性情动商品。物质反噬力度不足以破坏其作为潮流盲盒的本质。
208,False_Flight,0.15,0.35,0.95,Domesticated_Spectacle,作品未能完成从具象到逃逸的分子化跨越，工业贱材料已被画廊定价机制彻底领土化，虚空沦为装饰性建筑修辞，情动能量被IAE黑话消解为安全的可消费奇观。
208,True_Flight,0.8,0.9,0.85,Structural_Autolysis,该作品成功伪装为现代主义抽象雕塑，但其内核植入了精确的重力崩塌力学模型。通过底座的自毁式悬挑和中心穿孔的病理学虚空，它拒斥了白盒子的神圣化收编，在观者的身体直觉层面实施了感觉暴力。其Tuf-cal石膏的丑陋物质性构成了对审美消化酶的顽固抵抗。
209,False_Flight,0.15,0.2,0.9,Domesticated_Spectacle,该作品是典型的情动资本主义商品。其表面狂乱的宇宙图景与艺术家技术官僚背景构成的叙事，被IAE策展话语（如“控制论形而上学”）完美翻译和收编。作品缺乏一个拒斥语言、引发神经痉挛的坚硬感觉内核。所有视觉元素均服务于一个可被市场安全消费的“灵性崇高”主题，最终降维为智性装饰品。突围战术缺席，资本消化率为极高。
213,True_Flight,0.78,0.85,0.9,Material_Subversion,该作品成功利用极具欺骗性的高反光商业图像与女性主义政治正确的话语作为90%的迷彩伪装，但其异质内核——即通过肉身指腹的暴力敲击，将脆弱的生命水汽封死在拥有80年寿命的冰冷户外工业防锈金属漆中——在微观层面实施了触觉故障，成功抵制并反噬了蓝筹画廊试图将其降维为安全情动消费品的领土化收编。
214,True_Flight,0.55,0.7,0.95,Material_Treachery,该作品采用“材质反噬”战术，以90%的合法伪装（精湛写实、女性主义叙事、古典母题）进入市场。其不可消化的内核在于金属珐琅的工业永恒性对有机肉身短暂性的冷酷封印，构成了触觉对视觉的僭越。珐琅的绝对平滑与物理冷感，与描绘的湿热肉体形成根本性的感官冲突，在微观层面制造了资本话语无法完全抚平的物理静电，成功向白盒子空间植入了异质性感官硬物。
215,True_Flight,0.75,0.85,0.9,Perceptual_Barricade,利用“非裔空间记忆”的政治正确题材作为伪装，通过主体的绝对撤退与反向凝视的铁丝网网格，拒绝被转化为画廊资本的“情绪抚慰剂”，实施对观众视线的暴力阻断。
215,True_Flight,0.62,0.78,0.91,Optical_Veil_Jamming,作品在90%的具象绘画合法伪装下，成功植入“被囚禁的光学逃逸”这一异质性内核。通过触觉对视觉的僭越（铁丝网的视网膜刮擦）、微观畸变对宏观叙事的破坏（不规则笔触对抗透视网格）、以及符号的感知故障（无源彩虹光线的索引性断裂），作品在观者的视觉生理层面制造了无法被IAE话语消化的神经痉挛。人物的绝对缺席拒绝了情动资本主义的情感货币化操作。核稳固，突围路径可识别，判定为真逃逸。
216,False_Flight,0.15,0.2,0.95,Domesticated_Spectacle,该作品将工业材料对自然生态的暴力模拟，成功审美化为一种可供安全消费的“新东方主义”奇观。其内核涣散，被IAE话语完美消化，是典型的情动资本主义潮流商品。
217,True_Flight,0.85,0.9,0.9,Frame_as_Strangulation,该作品以伪装的自我驯化（主动进入画框）为策略，通过强化画框对内部狂暴能量的施虐性囚禁，制造了不可消化的符号故障。它成功将资本的收编逻辑暴露为一种可见的暴力，在神经层面实施了感觉的突围。
218,True_Flight,0.75,0.9,0.95,Tactile_Frustration,该作品以90%的照相写实主义合法伪装，成功渗透蓝筹画廊体制。其内核利用前景锐利（水珠）与后景失焦（面容）制造了不可逾越的“光学深渊”，通过触觉挫败战术，在观者神经层面植入无法被公关话语消化的感知痉挛。它以极致的冷静，在白盒子内部实施了对情动资本主义微观感知调制的有效突围。
219,False_Flight,0.15,0,0.98,Domesticated_Spectacle,该作品完美地伪装成一场关于后殖民创伤与身份政治的视觉批判。其内核的历史痛感(美人谷流散)已被平滑的符号替换(城堡)与审美化的身体奇观所彻底蒸发。所有拼贴元素均被一套成熟的学院派技法和后现代理论话语安全收编，未能产生任何超越智识反讽、侵入神经系统的感觉暴力。它是一件为情动资本主义市场定制的、可安全消费的“批判性”商品。
220,True_Flight,0.81,0.88,0.92,Material_Petrification,该作品以“文人雅集”与“表现主义”为合法伪装，成功进入蓝筹画廊体系。然而，其内核通过丙烯在康颂纸上的“假性渗透”战术，实现了工业塑胶对传统文人画书写性与自然生命力的物质性篡改。这种材质石化效应引发了无法被策展话语消化的触觉痉挛与哲学寒意，是对情动资本主义将一切奇观化的有效反击。
221,False_Flight,0.15,0.1,0.95,Domesticated_Spectacle,动机在于迎合。作品将野性自然与濒危物种的符号包装为生态崇高感的奇观，供中产阶级安全消费。粗粝笔触已被IAE话语完全消化，未能构成对资本领土化的任何抵抗。
222,False_Flight,0.15,0.1,0.95,Domesticated_Spectacle,动机在于迎合。作品将反叛姿态与个人创伤成功包装为一种供资本安全消费的“真实性奇观”。其粗粝的物质性未能形成感觉暴力，反而被学术话语完美消化。内核（反体制/创伤）已转化为最核心的品牌资产，心甘情愿被领土化收编。
223,False_Flight,0.15,0.1,0.95,Domesticated_Spectacle,动机在于迎合。涉水的人体与流动的水景构成一场关于净化与重生的安全隐喻剧。其表现主义笔触未能溢出画廊话语的消化边界，反而成为“疗愈系表现主义”的商标式风格。
224,False_Flight,0.15,0.1,0.95,Domesticated_Spectacle,动机在于迎合。作品将原住民文化符号（萨利希独木舟）挪用为一种“去殖民姿态”的表演性道具。该姿态已被蓝筹画廊的策展话语完全翻译和收编，沦为全球化资本流通中安全的“文化多样性”点缀。
225,True_Flight,0.91,0.99,0.95,Indexical_Contamination,以抽象表现主义、女性主义叙事与大师谱系为伪装，通过艺术家裸手按压嵌入颜料层的指纹与掌印，构成无法象征化的法医学物证，将审美凝视强制转换为取证式凝视，瓦解话语消化与资本领土化。
225,False_Flight,0.15,0.1,0.95,Domesticated_Spectacle,动机在于迎合。纯粹的风景画被升华为“生态崇高感”的消费品。对“塔科马”命名的坚持，并未构成对殖民命名的真正挑战，反而成为画廊营销中一个易于推广的“解殖民”叙事标签。核已涣散，奇观已驯化。
226,True_Flight,0.95,0.9,0.88,Haptic_Abjection,作品利用“空间剥皮”窃取了父权书房的物理索引痕迹（灰尘、木屑），将资本试图建构的安全女权主义叙事短路。内核处的乳胶降解倒计时与尸蜡质感（贱斥物）构成了对视觉静观的触觉暴力。突围路径在于：用证物取代符号，用腐烂对抗永恒。资本无法消化一件正在自己画廊灯光下加速死亡的法医证物。
227,True_Flight,0.87,0.92,0.95,Material_Flatness_As_Ontological_Sabotage,该作品以极繁主义美学与身份政治符号为合法伪装，在其内核处植入了Cel-vinyl材质的本体论暴力——一种服务于工业复制、拒绝深度与灵光的廉价塑料涂层。这一材质选择与作品承载的宏大历史叙事（殖民史、国家起源、个人创伤）之间构成了无法被画廊白盒子空间消化的范畴错误。作品通过材质平坦性的本体论破坏、时间网格的共时性坍塌、生物形态对几何秩序的病毒式感染、以及伪台口的反框定戏仿，成功实施了感官层面的神经暴力。画廊可出售其画布，但无法消化其塑料。
228,False_Flight,0.22,0.15,0.7,Domesticated_Spectacle,该作品将武器与家庭用具并置于幽闭的建筑平面图式构图中，形成了高度可读的符号学秩序。其暗黑美学与创伤隐喻完全处于表征层面，缺乏材质层面的本体论暴力。Cel-vinyl在此仅为风格工具而非破坏武器。作品可被画廊与学术界完全消化为“性别空间政治”的标准叙事，无剩余物。
229,False_Flight,0.08,0,0.9,Domesticated_Spectacle,该作品以后疫情时代的希望叙事为核心，运用霓虹发光美学构建城市乌托邦图景。鸡蛋与猫头鹰等象征符号构成跨文化通用的正能量能指群。主题与材质之间无缝缝合，无范畴错误，无本体论暴力。作品完美契合市场对“疗愈”“再生”话语的需求，是后疫情情动资本主义的范式商品。
230,True_Flight,0.75,0.9,0.85,Material_Pathology,该作品以抽象表现主义与东方高工艺美学为伪装，但其核心是将创伤转化为创作方法。通过揭示珍珠母作为生物结痂物的病理学本质，并施加砂纸打磨的二次暴力，它制造了一个物质层面的战争现场。作品最终呈现为一块闪闪发光的现代性病灶切片，拒斥了被解读为安全装饰画或唯美怀旧商品的命运。
231,True_Flight,0.85,0.95,0.9,Material_Betrayal,该作品成功利用古典雕塑姿态与动漫波普美学作为合法伪装，但在其物质内核处，硅胶的触觉属性对视觉美学实施了致命背叛。它引发的临床卑贱感与幻肢触感，构成了一种无法被画廊话语消化的神经痉挛，成功抵抗了被降维为安全美学符号的领土化收编。
232,True_Flight,0.75,0.9,0.9,Haptic_Tyranny_Over_Optical,该作品以光效应艺术的视觉愉悦为伪装，引诱观者凝视。其内核是颜料堆积与暴力机械切割产生的不可简化的物理熵增。当观者靠近，高密度三维切面投射的物理阴影引发视觉过载与神经痉挛，触觉性通过视觉通道对观者实施僭越暴政，成功抵制了蓝筹画廊将其降维为安全装饰品或创伤符号的话语消化。
233,False_Flight,0.25,0.2,0,Domesticated_Spectacle,作品主动提供了关于生态焦虑的标准化视觉符号。其表面的物理裂痕是高度风格化、可预测的形式语言，而非材料的意外反噬。它完美契合了蓝筹画廊关于“人类世创伤”的策展黑话，观众可安全消费末日景观而无需神经痉挛。核已涣散，完全被领土化收编。
234,False_Flight,0.15,0.1,0,Semiotic_Fetishism,该作品扮演了“有待破译的密码”这一安全角色，主动邀请智性消费。其嵌入的异质废弃物被画廊灯光净化为“材料实验”，批判性尽失。内核是语义的空洞，是对符号本身的恋物癖展示，完美适配后结构主义策展话术，毫无感觉暴力可言。
235,False_Flight,0.3,0.25,0.5,Parasitic_Appropriation,作品通过切分重组经典绘画，向市场提供了“解构父权艺术史”的批判幻觉。其物理性（乳胶漆切片）被再现功能（指向戴安娜图像）所奴役，内核硬度被对原作的寄生关系严重稀释。它是关于艺术史的精明商品，在体制预期内运行，未能制造任何真正的感觉逃逸线。
236,True_Flight,0.9,0.95,0.9,Perceptual_Blackout,该作品以波普超现实主义的视觉符号为合法伪装（90%），成功利用Haptic_Subversion（视觉与触觉的感知背叛）和Perceptual_Blackout（参与者视觉归零的绝对黑暗）作为核心突围战术。其异质性内核位于参与行为发生时，不可翻译的身体经验——一个前语言的、幽闭的实在界黑洞。它拒斥了画廊将其降维为安全批判奇观的企图，通过在个体神经层面实施感觉暴力，实现了对资本的生物政治调制的微观抵抗。
237,True_Flight,0.65,0.7,0.9,Haptic_Sabotage,作品成功利用花卉静物与表现主义笔触的合法伪装（90%），但其内核保留了颜料作为“泥土”的物理粗粝感与绘制过程中的“失控”痕迹。通过触觉破坏战术，它强行将观者的感知从安全的视觉消费切换到不适的触觉想象，制造了话语无法完全消化的神经痉挛。这是一次针对情动资本主义无菌画廊空间的微型但有效的突围。
238,False_Flight,0.2,0.1,0.95,Domesticated_Spectacle,作品将海滩度假与水果静物包装为安全的色彩奇观。其表现主义笔触未能形成对视觉体制的物质性抵抗，核已涣散为风格化的愉悦。它完美适应画廊的领土化，成为一件供中产阶级安全消费的情动商品。
239,True_Flight,0.8,0.9,0.85,Labor_Indexicality_Assault,作品以女性自画像为合法伪装，但其纪念碑式的巨幅尺度与厚涂法所记录的体力劳动痕迹，构成了不可消化的异质内核。它通过劳动索引性攻击战术，将绘画从图像消费强行转换为对劳动过程的感知，拒斥了情动资本主义的无摩擦调制。
240,False_Flight,0.05,0,1,Domesticated_Spectacle,作品主动迎合市场对威尼斯风景的消费需求。其速写式笔触与微型尺幅，完美适应画框的领土化，未形成任何感知层面的抵抗。这是一件被彻底驯化的情动商品，核已完全涣散为风格化的愉悦。
241,True_Flight,0.75,0.9,0.95,Material_Vulnerability_Exposure,该作品以90%的观念艺术合法话语（后人类孤独、消费批判）作为伪装，混入蓝筹画廊领土。其不可消化的异质性内核在于：1) 暴露的螺栓对脆弱材质实施的、无法被隐喻吸收的“穿刺暴力”；2) 拒绝不锈钢翻铸的“未完成”状态，抵制了资本的永恒化收编。战术上，它利用视觉对触觉的僭越（触觉过载）和微观畸变点（螺栓），成功对抗了体制将其降维为安全反讽或审美奇观的企图，向观者神经系统直接传递痉挛与不安。
242,False_Flight,0.05,0.1,0.99,Domesticated_Spectacle,该作品是“弗里德曼式炼金术”配方的完美工业制成品。从脆弱铝箔到永恒不锈钢的转化，是资本情动调制的最高成就。原生材质中的触觉穿刺暴力和脆弱性创伤，在铸造和抛光过程中被彻底消毒和愈合，转化为可供大众安全消费的崇高感。作品成为城市资本领土化的装饰性器官，毫无逃逸意图。
243,False_Flight,0.1,0.15,0.98,Domesticated_Spectacle,该作品完美演示了资本如何通过工业铸造技术，将原生材料的混沌与脆弱克分子化为稳定的欲望客体。模型阶段可能存在的结构危机感，已被不锈钢的分子级融合彻底消除。保留的烤盘Logo仅是“关于脆弱性的安全能指”，供藏家进行智性恋物。核已涣散，作品沦为一件装饰性的社会学图解。
244,False_Flight,0.05,0.05,0.99,Domesticated_Spectacle,该作品是资本与当代焦虑的完美合谋。它将“隔离”的尖锐议题，通过抛光不锈钢的未来主义美学，转化为一个安全、炫酷、可供传播的视觉奇观。原生铝箔的窒息感与脆弱性，在永恒的光泽中被彻底溶解。作品不是对隔离的批判，而是对隔离的审美化恋物，是情动资本主义潮流的标准盲盒。
245,True_Flight,0.9,0.95,0.9,Material_Indexicality_Overload,该作品以圣经叙事和色彩美学为伪装，其不可消化内核是构成作品的军事纺织品（军服、靶布）的物质指示性。它迫使观众在审美体验中直面暴力的物理残余，通过材质的触觉联想僭越视觉愉悦，成功抵制了画廊将其历史化与美学化的收编。
246,True_Flight,0.85,0.9,0.88,Semiotic_Displacement,该作品以民族志怀旧为伪装，其硬核在于用无根的以色列工业废弃物去缝合一个想象中的波兰地理原点。这种地缘符号的错位与强制缝合，制造了能指链的断裂，使任何平滑的文化身份解读归于失败，暴露了乡愁本身的情动商品属性。
247,True_Flight,0.88,0.92,0.85,Aesthetic_Contamination,该作品以抒情标题和和谐色调为伪装，内核是“诗意的物质背叛”。当观众识别出构成“月夜”之美的是社会废弃物与暴力残余时，物质的粗粝记忆会污染无菌的审美空间，制造出一种无法被安全消费的、肮脏的诗意。
248,True_Flight,0.95,0.98,0.99,Algorithmic_Violence_Camouflaged_as_Form,终极特洛伊木马。作品以极简主义雕塑的合法形式完美融入画廊系统，其硬核是“编码即规训”的算法暴力。它作为一套身体控制技术（EWMN）的三维蓝图，通过知识反噬而非视觉反噬，在认识论层面引爆，揭示了其作为全景敞视监狱模型而非纯粹美学客体的本质。
249,True_Flight,0.88,0.95,0.9,Spatial_Castration,通过撤除一切可供情动投射的肉身对象，利用主体的绝对空位制造了一个感知黑洞。作品拒绝消费黑人创伤身体，迫使观众在虚空中投射自身凝视，从而完成对观看权力的空间阉割。
250,True_Flight,0.78,0.9,0.85,Haptic_Territorialization,利用建筑尺度的物理边界对闯入的观众身体实施感知层面的“拘留”。通过强制观众体验擂台的空荡与围困感，将缺席者所受的空间压迫转嫁为观众的身体症候。
251,True_Flight,0.92,0.98,0.95,Material_Decay_As_Archive,以粉笔灰的脆弱物质性反向构建了反档案。内核在于那些无法被彻底擦除的灰暗雾霭，它是遗忘失败的物理证据，无声地瓦解了对系统性抹除行为的宏观叙事。
252,True_Flight,0.85,0.97,0.88,Haptic_Stratigraphy_As_Counter_Archive,利用冷蜡对“熔解”动态进行防腐处理，制造了本体论悖论。作品是灾难现场的地质岩芯样本，拒绝远距离视觉消费，要求考古学式的触觉阅读。
253,True_Flight,0.8,0.91,0.82,Semiotic_Glitch_Through_Scale,通过巨幅尺寸与多画框拼接的几何镇压，制造了感知系统的过载与故障。画面内部的离心力与外部画框的镇压形成痉挛性张力，将阶级崩溃的眩晕感直接植入观众身体。
254,True_Flight,0.96,1,0.98,Performative_Aphasia,以15层冷蜡的封存与破坏，将自身转化为“沟通失效”的物证。它不是在象征失语，而是在展演失语。其物质性构成了对一切阐释话语的终极陷阱，嘲弄了蓝筹画廊的语言消化机制。
255,True_Flight,0.88,0.92,0.95,Semiotic_Sabotage_Via_Title_Material_Mismatch,该作品利用宗教道德标题作为合法伪装，却在物质操作层面通过剧烈涂抹将“救助者”与“受救者”完全融合，构成了对“好撒玛利亚人”叙事所象征的道德清晰性的物理吞噬。内核稳固于标题承诺与材质执行之间的根本性决裂，成功实施了对人文主义温情解读的符号破坏。
256,True_Flight,0.9,0.88,0.92,Post_Hoc_Semiosis_As_Material_Alibi,该作品利用数字符号的时髦议题作为伪装，但其“倒置的7”并非预先设定的符号，而是暴力抹除过程中偶然显露的物质疤痕。通过“事后命名”的时序调包，作品将话语系统的所有意义生产建立在纯粹偶然的物质事件之上，从而揭露并嘲弄了艺术阐释体制的荒谬性。
257,True_Flight,0.93,0.95,0.98,Temporal_Entombment_Via_Material_Excess,该作品以励志格言标题和明亮色彩为高度伪装，却在物质层面通过颜料的过度堆积与反复覆盖，构建了一个时间被物理封堵的窒息性场域。内核稳固于物质过剩对“未来”可能性的预先占领，成功对情感资本主义的抚慰剂消费实施了哲学活埋与神经短路。
258,True_Flight,0.85,0.9,0.95,Tactile_Torsion,该作品利用抽象的崇高作为伪装，通过制造视觉宏观秩序与触觉微观暴力的感质扭转，在观众身体感知层面植入不可消化的创伤重力断层。
259,True_Flight,0.75,0.95,0.9,Haptic_Resonance,该作品利用战争创伤叙事为伪装，通过极端笔触密度将视觉信息转化为侵略性的触觉共振频率，使画作成为制造当下神经痉挛的物理声场，拒绝沦为安全的纪念物。
260,True_Flight,0.9,0.95,0.85,Semiotic_Glitch,该作品以普世焦虑为伪装，通过在抽象混沌中植入具体政治讽刺符号，制造了策展话语无法完全吸收的符号故障，从而破坏了资本对时代情绪的安全收编机制。
261,True_Flight,0.7,0.9,0.98,Geological_Time_Dump,该作品伪装成最高级的新古典主义怀旧物，但通过油彩的物质性将历史时间暴力压缩为地质沉积，以物质的混沌废墟对抗博物馆空间的领土化重力，拒绝被降维成安全的高级装饰。
262,False_Flight,0.15,0.1,0.95,Domesticated_Spectacle,作品将工业打磨的物质暴力性，通过“创伤美学”的风格化包装，转化为安全的、可供消费的视觉奇观。其女性翼展的尺度政治被话语收编为营销符号。内核涣散，未能抵抗资本消化。
263,False_Flight,0.25,0.15,0.9,Domesticated_Spectacle,作品将抽象表现主义的激进姿态，安全封装于亲密尺度中，成为可收藏的“情绪纪念品”。其张力完全在艺术史谱系的可预期范围内，是“被驯服的激情”的表演。
264,False_Flight,0.1,0.05,0.98,Domesticated_Spectacle,作品依赖“幽灵学”等学术黑话和“血色瀑布”的明确文学隐喻，提供了一种标准化的、可供智力解码的忧郁。其内核涣散，是对“诗意的哀愁”这一情动商品的精准供给。
265,False_Flight,0.05,0,1,Domesticated_Spectacle,作品是对“生物形态主义”这一经典现代风格的熟练复写。其视觉语言完全被风格史吸收，没有内核。它成功地将自身塑造为一件具有“生命感”和学术深度的安全装饰品。
266,True_Flight,0.65,0.8,0.9,Material_Pathology,诊断逻辑：作品表面以90%的合法艺术史伪装（毕加索致敬、大师晚期风格）通过画廊安检。其突围依赖于10%的“材质病理化”战术。单版转移导致的颜料枯竭、剥落及织物纹理，构成了一个反再现、触觉僭越视觉的病理学内核。该内核作为不可完全语言消化的感觉“剩余物”，成功地对安全的审美消费实施了微观的感觉暴力与神经痉挛，证实其为一件有效的特洛伊木马。
267,True_Flight,0.85,0.9,0.8,Material_Subversion,利用蓝筹画廊体制话语与戈雅历史叙事作为合法伪装，通过硬纸板与油彩的不可控吸附实施触觉对视觉的僭越，拒斥痛感作为平滑奇观的收编。
267,True_Flight,0.85,0.9,0.95,Haptic_Absorption_Resistance,该作品成功利用“戈雅互文性”与“高龄女性大师”身份作为高级伪装。其异质性内核在于：通过纸本对油彩结合剂的毛细吸收作用，制造了无法被画廊灯光美化的“结痂”质感与触觉不适。这是一种反视觉的物质暴力，将历史创伤从叙事降维为物理事实，从而拒斥了资本的话语消化。突围战术的核心是让材料本身成为吸收并囚禁能量的陷阱。
268,True_Flight,0.8,0.85,0.9,Kinetic_Catastrophe_Encoding,该作品以巨幅“姿态绘画”为合法伪装。其异质性内核在于：画面记录了身体速度与材料阻力相撞时的“动力学灾难”现场，如笔触的意外偏转与重力的非自愿滴落。这不是对生命力的歌颂，而是对肉身失控瞬间的冰冷记录。通过暴露一种无法被崇高化的物理事故感，它成功阻止了资本将其简化为高级装饰品或正能量鸡汤，实现了感觉层面的微观突围。
269,True_Flight,0.75,0.9,0.9,Haptic_Abruption,该作品将粗麻布与工业涂料的物质本体论冲突作为特洛伊木马内核。通过缝合线制造的触觉断裂，在看似经典的抽象构图下，对观众的感知系统实施微观暴力，使画廊话语无法完全消化其前语言的物质痉挛。
270,True_Flight,0.7,0.85,0.85,Glitch_in_Seriality,该作品通过与E构成系列，却在微观物质层面执行了“序列中的故障”战术。其重复中的偏移模拟了身体即兴，拒绝了机械复制的商品逻辑。这种基于过程的、不完美的再生产模式，是抵抗系列化商品收编的异质性能量核。
271,True_Flight,0.95,0.98,0.95,Semiotic_Glitch,该作品以哲学互文为伪装，内嵌了一个无法被符号系统解读的“黑色瞳孔圆环”。这一图表式故障点引发了符号学系统的蓝屏死机，以纯粹的非人凝视暴力，成功拒斥了资本的话语收编。
272,True_Flight,0.35,0.8,0.9,Topological_Spatial_Violation,该作品利用传统肖像构图的合法伪装，在其内核处植入了一个无法用日常空间逻辑消化的拓扑学故障。两个面孔的强制挤压与空间互渗，构成对画廊“诗意身份”话语的无声反噬，在神经层面制造了幽闭的空间压迫感。
273,True_Flight,0.9,0.95,0.7,Haptic_Catastrophe,该作品在“肖像画”的合法伪装下，利用水彩媒介的失控，制造了一场对“肖像”功能本身的物质谋杀。那片不可逆的水渍构成了一个拒绝符号化的实在界硬块，通过触觉对视觉的暴力僭越，在观者身体层面引发了微型感官灾变，彻底击穿了话语的消化机制。
274,True_Flight,0.75,0.85,0.85,Semiotic_Overpopulation_Glitch,该作品以“观念性群像”为合法伪装，内部却策划了一场针对个体识别系统的符号暴动。多个面孔符号的过载与边界溃烂，导致了视觉认知的严重故障。观者无法完成对任一“个体”的安全阅读，被迫陷入神经质的视觉痉挛，从而从内部瓦解了“多元身份”这一安全的政治解读。
275,True_Flight,0.85,0.95,0.9,Morphological_Treason,该作品利用神圣构图的90%合法伪装，以三根昆虫附肢般的线条作为异质性内核，对古典哀悼母题实施了形态学叛变，导致观众在文化同情与生物恶心之间产生感知短路。
276,True_Flight,0.7,0.8,0.85,Haptic_Injunction,该作品在讽刺观念的伪装下，利用手指与软烂躯体的极端触觉反差，实施了触觉禁令。它强行征用了观众的触觉系统，以湿冷的不洁感拒斥了纯粹的智性消费。
282,True_Flight,0.75,0.85,0.95,Semiotic_Infection,该作品以“习作”和“蝴蝶”符号的双重无害性为顶级伪装，成功潜入安全话语区。其坚硬内核在于对古典符号实施病理学改写。它通过符号感染（Semiotic_Infection）战术，用粉彩点状笔触作为病原体，引发“蝴蝶”这一能指内部的意义癌变，从而拒斥了资本将其降维为灵性抚慰剂的企图。
283,True_Flight,0.9,0.95,0.9,Haptic_Entropy,该作品以“暗黑生态超现实主义”为合法伪装，但其异质性内核在于利用粉彩媒介的物理熵增属性与“反向挖掘光线”的感觉暴力。它通过触觉熵增（Haptic_Entropy）战术，将观者卷入一种物质不确定性与生理痉挛的微观体验，成功拒斥了画廊作为视觉抚慰剂的收编。
284,False_Flight,0.15,0.2,0.95,Domesticated_Spectacle,该作品利用“贫穷材料”与神秘符号学成功伪装出“物质性对抗”的假象。其内核在创作时已被自身的大师风格稀释，而2016年的修复行为进一步收编了唯一可能逃逸的物理创伤。其所有视觉与物理元素均可被IAE策展话语100%消化，未构成任何神经层面的感觉暴力，最终沦为一件安全的、具有历史包浆感的情动资本主义商品。
285,True_Flight,0.75,0.9,0.95,Haptic_Sabotage,作品成功利用宏大艺术史指涉与可控的新表现主义风格作为90%的合法伪装，进入白盒子空间。其异质性内核在于混合媒介中沙子的绝对触觉物理性，它构成了无法被策展话语和视觉消费完全消化的“刺点”。突围路径被识别为“触觉破坏行动”，即通过材质表面的粗粝感僭越纯粹视觉，在资本的平滑空间内制造微观感知痉挛，拒斥作品被完全降维为情动商品。
286,True_Flight,0.45,0.75,0.9,Optical_Territorialization_Reversal,该作品披着生态焦虑与物质辩证法的合法外衣(90%伪装)，但在其几何化、非交流性的空洞眼窝中，保留了不可翻译的感官暴力。通过颠倒观看与被观看的权力关系，对观众实施凝视回流，成功在微观政治层面实现了神经突围。
287,False_Flight,0.05,0.1,0,Domesticated_Spectacle,纯粹的情动资本主义商品。以银质镜面反射和灵性萌宠叙事完全迎合资本收编。内核已完全涣散为审美风格，无任何抵抗意图，心甘情愿地被领土化为供中产阶级消费的安全奇观。
288,False_Flight,0.15,0.2,0.9,Domesticated_Spectacle,该作品的“内在精神”主题极易被画廊话语消化酶降解为安全的抽象装饰画或中产情绪抚慰剂。缺乏针对具体权力结构的矢量，痛感已被风格化，核已涣散。
289,False_Flight,0.45,0.35,0.85,Semiotic_Glitch,该作品面临被降维解读为廉价政治口号或社会学论文插图的极高风险。若无物理结构上的失稳设计与神经层面的眩晕制造，“不对等”将沦为一种安全的、可被策展黑话完全翻译的概念游戏。
290,False_Flight,0.25,0.3,0.92,Domesticated_Spectacle,该作品主题是身份政治与精神分析学的万金油母题。若无材质层面的生理排斥（如有机腐烂、触觉厌恶）强行介入，图像将自动滑向唯美超现实主义风格，成为供观众自拍消费的安全奇观。
291,False_Flight,0.15,0.2,1,Domesticated_Spectacle,作品表面呈现的“感知溶解”与“技术崇高”完全符合蓝筹画廊对“光与空间运动”的安全叙事。其物质内核（稳定完美的聚氨酯）与资本追求的永恒商品美学同构，未对体制构成任何抵抗。IAE话语消化率接近100%，缺乏引发神经痉挛的异质性硬核，是情动资本主义的标准产物。
292,False_Flight,0.15,0.1,0.95,Domesticated_Spectacle,该作品利用反透视和摄影转译作为美学幌子，成功塑造了安全的“多巴胺色情”奇观。其内在的技术批判内核因过度的工艺平滑性而彻底涣散，沦为可被策展话语无缝消化的风格签名。观众在获得视觉愉悦的同时，无需承担任何神经痉挛的风险。
293,False_Flight,0.05,0.05,0.99,Archived_Inertia,作为机构收藏品，该作品已完成从潜在病毒到灭活标本的转换。单色调的“红”被严谨的几何构图所囚禁，未能产生情动过载的突围。博物馆的收藏行为是对其“不可消化性”的终极清零，标志着它已被安全地归档于艺术史的宏大叙事中。
294,True_Flight,0.8,0.95,0.9,Haptic_Trespass,作品以波普化、几何化的符号系统作为90%的合法伪装，成功通过蓝筹画廊的审美安检。然而，其内核处一团密集的、非再现性的黑色厚涂颜料，构成了对视觉中心主义的物理反噬（Haptic_Trespass），引发了物质层面的符号故障。这团无法被策展黑话完全消化的“物性痛点”，拒斥了资本将其降维为安全装饰品或哲学图解的企图，实现了微观感觉层面的真逃逸。
296,False_Flight,0.1,0.15,0.95,Domesticated_Spectacle,该作品的“修复同理心”主题与交互装置形式完美契合了艺术市场对“疗愈”与“参与”的话语需求。其技术外表下的批判潜力已被策展黑话完全收编，沦为可供安全体验的情动装置，未产生任何不可消化的感觉剩余。
297,False_Flight,0.2,0.25,0.9,Domesticated_Spectacle,该作品标题宣告的身体政治主题已被身份政治话语预设了安全解读路径。若无材质层面的暴力介入，作品将完美滑入“身体赋权”这一可被市场安全消费的叙事框架，核难以稳固。
298,False_Flight,0.05,0.15,1,Domesticated_Spectacle,该作品完美地内化了蓝筹画廊的话语消化机制。其玻璃微珠的物质异质性与现象学的交互体验，已被资本与学术体制彻底驯化为“光与空间运动”的安全美学词汇与中产阶级的感官按摩。表面痛感（延迟资本化、存在主义诗学）被奇观化，未能形成拒斥意义捕获的神经性内核，故判定为情动资本主义的潮流盲盒，而非真逃逸的分子机器。
299,False_Flight,0.15,0.1,0.95,Domesticated_Spectacle,该作品将维也纳行动主义的越轨内核（真实生物质的贱斥力量）通过媒介置换（丙烯替代血液）进行了彻底的化学阉割。其表面的创伤奇观可被IAE策展黑话100%流畅翻译（如存在主义肉身焦虑、仪式感），且已被顶级画廊的白盒子空间完全领土化。内核涣散为一种供资本安全消费的“尼奇式风格”，未对体制构成任何有效的微观政治突围。
300,True_Flight,0.85,0.9,0.95,Haptic_Incarceration,该作品成功利用卡拉拉大理石的古典主义伪装和极度精美的工艺，在视觉层面诱发了强烈的触觉期待。然而，在感知的内核处，石材的绝对不透明性和物理冷硬，构成了一种现象学陷阱，将观者的窥探欲和触觉想象暴力囚禁。这是一种在感官层面执行的、无法被策展话语翻译的微观政变，拒斥了资本将其降维为奢华装饰或安全议题的调制。
301,False_Flight,0.1,0.15,1,Domesticated_Spectacle,该作品的高抛光青铜镜面反射机制，已被当代艺术市场的话语体系彻底消化。其内核的痛感被外化为一种安全的、可被消费的时尚美学。观者看到的是自身的倒影，而非作品内部的幽闭。它是情动资本主义的完美商品，一件光滑的、观念性的恋物。
302,True_Flight,0.7,0.65,0.6,Material_Civil_War,该系列通过主动拆解其已被市场认可的完美风格，发动了一场材质间的内战。它将代表不同阶级与时间性的大理石、工业废料强行并置，在接缝处制造了真实的物质冲突和无法被和谐化的张力。尽管面临被降维为“另一种风格”的风险，但其自我撕裂的动机和物质互斥的物理事实，构成了对资本收编的持续挑衅，是一场发生在画廊白盒子内的危险物质事件。
303,False_Flight,0.25,0.3,0.95,Domesticated_Spectacle,作品表面的序列性痛感被蓝筹画廊的话语消化酶完美转化为“东方禅意”与“极简美学”。其“死本能重复”的内核未能保持稳固，已融化在安全的观念阐释与装饰性消费中。资本的话语减速与领土化收编完全成功。
304,True_Flight,0.8,0.85,0.9,Haptic_Overload_to_Optic_Collapse,该作品成功利用三通道影像装置的合法伪装，将静态序列的焦虑引爆为触觉过载的视觉暴力。其不可消化的内核在于加速的终点——白屏灾难，这是一个拒绝意义阐释、强制导致视觉系统生理性崩溃的“反图像”事件。此战术成功地以感觉暴力僭越了画廊的话语消化机制。
314,True_Flight,0.85,0.95,0.9,Geometric_Epistemic_Violence,该作品以极简主义与波普符号为伪装，成功通过画廊安检。其内核是一个由靶心几何偏移引发的不可通约的拓扑学裂隙，直接对观者的视觉认知硬件发动攻击，制造了无法被PR话语抚平的神经痉挛，拒斥了资本的符号收编。
315,True_Flight,0.83,0.95,0.9,Geometric_Epistemic_Violence,战术同Fig.7。高饱和色彩是变体伪装，其内核的几何学认识论暴力并未改变，仍能有效突破体制的话语减速带。
316,True_Flight,0.84,0.95,0.9,Geometric_Epistemic_Violence,战术同Fig.7与Fig.2。作为序列变体，其逃逸效力源自同一硬核的几何学故障，成功实施了感知层面的微观突围。
317,False_Flight,0.1,0,0,Domesticated_Spectacle,该作品内核涣散，沦为浪漫主义与自拍文化的奇观结合。它主动迎合情动资本主义的消费逻辑，提供安全的自我投射体验，完全被资本话语消化，无任何突围意图或能力。
318,True_Flight,0.85,0.92,0.95,Material_Subversion; Algorithmic_Prosthesis; Topological_Glitch; Haptic_Overload,该作品以伪姿态抽象的合法外观通过画廊审美安检，在内核处保留了硅胶-油彩分子暴力、MT19937数学不可通约性、触觉僭越三重异质硬核。通过材质反噬在画廊内部制造不可逆的微观熵增，通过算法义肢战略性贬值艺术家主体性，通过触觉过载强制激活观众神经卷入。成功拒斥情动资本主义的安全消费距离，核稳固度极高。
319,False_Flight,0.15,0.1,0.9,Domesticated_Abyss,该作品的缎面质感抑制了早期镜面系列的视觉暴力，使虚空变得温驯可收藏。虚空与崇高被完全话语化，适配画廊策展黑话。130cm直径与工业级抛光使其沦为豪宅装饰品级别的恋物对象。无稳固异质内核，心甘情愿接受领土化收编。
320,False_Flight,0.25,0.15,0.92,Domesticated_Abyss,该作品将地质深时与虚空包装为反数字时代的情绪抚慰剂。粗糙/平滑的二元对立过于工整可读，沦为理论话语的标准插图。雪花石膏晶体的光学弥散构成微弱的地质学残余，但远不足以对抗资本收编。虚空已被品牌化为卡普尔商标，崇高成为可预期的风格操演。
321,True_Flight,0.85,0.9,0.95,Haptic_Trauma_Overlay,该作品以金箔宇宙奇观作为合法化伪装，成功规避了被降维为极简装饰品或政治正确符号的体制减速。其异质性内核在于被金箔覆盖的硬化纤维结痂，通过材质反噬与触觉创伤覆盖战术，迫使观者经历视觉到触觉的痉挛性切换，拒斥了资本的话语消化酶，保留了不可翻译的物理刺痛。
322,True_Flight,0.8,0.9,0.95,Algorithmic_Sovereignty,该作品是伪装成观念装饰画的特洛伊木马。其90%的合法伪装（抽象笔触、波普圆点、极简配色）极易被IAE话语消化为“拟像批判”。然而，其内核处那条不可审美的绿色中线，以“算法主权”的姿态拒斥一切话语翻译。它将观众的凝视规训为生理校验劳动，通过在蓝筹画廊内部构建自循环的感知微工厂，实施了冷峻的微观政治突围。核稳固，未被资本情动调制。
323,True_Flight,0.87,0.92,0.94,Haptic_Repulsion_Trojan,该作品以90%的Apple美学伪装（金色阳极氧化铝、极简抽象构图）获得蓝筹画廊合法性，以10%的异质内核实施突围。核由BWB-E6化学蚀刻表面的“触觉驱逐令”构成——该表面在潜意识层面发出触摸禁令，与观者对屏幕的肌肉记忆发生剧烈冲突。突围路径分三层：（1）视觉诱惑-触觉驱逐的“推-拉”机制制造感官焦虑；（2）标题中“”等符号劫持发音器官，使策展话语在源头崩溃；（3）CNC激光切割的热力学痕迹与铝作为“固化电能”的地质暴力，使作品成为资本暴力的物证而非再现。画廊话语无法消化E6的触觉阻断、标题的不可发音性、切割边缘的暴力痕迹。作品未提供安全的“痛感奇观”，而是直接施加神经层面的感觉暴力，成功突破情动资本主义的收编机制。
324,False_Flight,0.1,0.15,0.9,Domesticated_Spectacle,作品动机在于迎合，表现性厚涂与“唯灵论”意象已被转化为安全的蓝筹商品奇观，因体制背书与全球收编，核心沦为高价变现的情感抚慰剂，未能实现神经层面的逃逸。
324,True_Flight,0.55,0.6,0.95,Material_Chiaroscuro_Subversion,该作品利用超现实生物形态与昂贵工艺作为高度合法的伪装，成功进入蓝筹画廊系统。其真逃逸性不在于图像叙事，而在于物质本体论层面：穆拉诺玻璃作为过冷液体的无序性、内部微观瑕疵与青铜的凝固纪念碑性之间构成了物理-感官层面的冲突。它通过触觉想象的反向侵入和视觉上的热力学噪音，在资本的审美消化系统中植入了无法被完全语义化收编的微型痉挛点，形成了一次针对感官的、低强度的物质反噬。
325,False_Flight,0.05,0.1,0.95,Domesticated_Spectacle,该作品将“重写本”的哲学概念安全地封装在模块化的多面板结构中。其物质性毫无攻击性，完美地自我实现为策展文本所描述的“时间化石”。缺乏任何不可消化的物理痛点或神经痉挛，是一件心甘情愿被资本模块化收编的、关于“深度”的表演性商品。
326,False_Flight,0.02,0,0.98,Domesticated_Spectacle,该作品利用三联画的宗教光晕和“音乐性”通感隐喻，主动诱导叙事的、通感的安全解读。其内部的“冲突”是经过精心编排和消毒的戏剧表演，而非真正的形式暴力。内核涣散，沦为服务于体制空间和权力话语的视觉伴奏，一件完美的“机构展厅填充物”。
327,False_Flight,0,0,0.99,Domesticated_Spectacle,该作品是情动资本主义的纯粹抚慰剂。它依赖“英国风景”的怀旧消费和“罩染”的技艺恋物癖，制造了一种深度的感官麻醉。内核完全融化于画廊灯光下，毫无突围意图。它是被资本成功调制的视觉吗啡，用于缓解焦虑却绝不质疑创伤根源。
327,False_Flight,0,0,0.99,Domesticated_Spectacle,该作品是情动资本主义的纯粹抚慰剂。它依赖“英国风景”的怀旧消费和“罩染”的技艺恋物癖，制造了一种深度的感官麻醉。内核完全融化于画廊灯光下，毫无突围意图。它是被资本成功调制的视觉吗啡，用于缓解焦虑却绝不质疑创伤根源。
328,True_Flight,0.55,0.6,0.95,Material_Chiaroscuro_Subversion,该作品利用超现实生物形态与昂贵工艺作为高度合法的伪装，成功进入蓝筹画廊系统。其真逃逸性不在于图像叙事，而在于物质本体论层面：穆拉诺玻璃作为过冷液体的无序性、内部微观瑕疵与青铜的凝固纪念碑性之间构成了物理-感官层面的冲突。它通过触觉想象的反向侵入和视觉上的热力学噪音，在资本的审美消化系统中植入了无法被完全语义化收编的微型痉挛点，形成了一次针对感官的、低强度的物质反噬。
328,True_Flight,0.55,0.6,0.95,Material_Chiaroscuro_Subversion,该作品利用超现实生物形态与昂贵工艺作为高度合法的伪装，成功进入蓝筹画廊系统。其真逃逸性不在于图像叙事，而在于物质本体论层面：穆拉诺玻璃作为过冷液体的无序性、内部微观瑕疵与青铜的凝固纪念碑性之间构成了物理-感官层面的冲突。它通过触觉想象的反向侵入和视觉上的热力学噪音，在资本的审美消化系统中植入了无法被完全语义化收编的微型痉挛点，形成了一次针对感官的、低强度的物质反噬。
328,True_Flight,0.55,0.6,0.95,Material_Chiaroscuro_Subversion,该作品利用超现实生物形态与昂贵工艺作为高度合法的伪装，成功进入蓝筹画廊系统。其真逃逸性不在于图像叙事，而在于物质本体论层面：穆拉诺玻璃作为过冷液体的无序性、内部微观瑕疵与青铜的凝固纪念碑性之间构成了物理-感官层面的冲突。它通过触觉想象的反向侵入和视觉上的热力学噪音，在资本的审美消化系统中植入了无法被完全语义化收编的微型痉挛点，形成了一次针对感官的、低强度的物质反噬。
329,True_Flight,0.75,0.85,0.9,Material_Indexicality_Revolt,该作品成功利用人类世崇高景观与后殖民符号作为高伪装(90%)，进入蓝筹画廊系统。但其异质性内核在于Alla Prima技法在极地严寒下被迫产生的材质痉挛与笔触仓促感。这种非人性的物理索引性痕迹构成了对安全视觉消费的反噬，以Material_Indexicality_Revolt战术突破了话语消化酶的重围。核稳固，未被完全领土化。
330,False_Flight,0.05,0.1,0.98,Domesticated_Spectacle,该作品完美地执行了其作为高级文化商品的全部功能。其父辈血统、禅意修辞与精微的形式主义操作，构成了一套无懈可击的、供蓝筹画廊话语系统安全消化的伪装。其所谓的“数模混合制造”本体论裂变，在物质表面被平滑地审美化，未能形成任何有效的感知痛点或符号故障。它是一件关于“流变”的、高度稳定的克分子聚合体，是情动资本主义的完美潮流盲盒。
331,True_Flight,0.75,0.85,0.9,Haptic_Tectonics,该作品利用艺术微喷技术模拟的“超触感”石板，作为异质性内核，在合法的虚空派美学伪装下，实施了触觉板块学的突围战术。石板以其不可化约的物质性与施压感，制造了知觉层面的短路，成功抵制了画廊体制的话语消化与降维收编，实现了从安全视觉到不安触觉的分子式逃逸。
332,True_Flight,0.85,0.95,0.9,Scriptive_Overload,该作品利用抒情抽象的宏观美学作为高度合法的伪装(0.90)，成功潜入蓝筹画廊系统。其异质性内核在于微观层面由百万次重复书写构成的、拒绝语义解读的神经官能症式刻写密度。通过“书写过载(Scriptive_Overload)”战术，在观众企图进行视觉聚焦时实施认知资源耗竭与感觉撕裂，成功在安全的画廊空间内制造了无法被话语消化的神经性痉挛。核极稳固(0.95)。
333,True_Flight,0.72,0.88,0.95,Semiotic_Glitch,作品以高完成度的赛博格美学为合法伪装(0.95)，成功进入蓝筹画廊系统。其不可消化性在于作品名(aU>t-0)的语义黑洞和凝视权力结构的倒转。内核稳固(0.88)，通过将人类器官呈现为算法处理的“物证”，触发观众的本体论恐慌。核心战术为“符号故障”，通过在语言和凝视层面制造短路，瓦解了资本话语和传统观看契约的消化企图。
334,True_Flight,0.75,0.85,0.9,Haptic_Disgust_Subversion,该作品在90%的具象写实与东方哲学符号（阴阳）的合法伪装下，成功通过丙烯颜料的厚涂法，在图像核心（双手捧举的黑白颜料）处制造了一种无法被策展话语完全消化的“触觉-厌恶”质感。这一前符号的物质内核，通过僭越视觉中心主义的解读，对观者实施微观的感官暴力，有效抵抗了资本将其降维为安全哲学插图或情绪抚慰剂的领土化收编。
335,True_Flight,0.85,0.95,0.9,Ontological_Glitch_in_Space,该作品以高度合法的波普美学与都市异化主题为伪装(90%)，成功将异质性内核——即40cm物理厚度所引发的感知本体论故障——偷运至画廊空间。其突围路径在于利用二维矢量图形的三维非法拉伸，在观者视觉与本体感觉间制造不可调和的短路痉挛，从而拒斥了情动资本主义将其同化为安全奇观或室内装饰品的收编企图。诊断依据：内核为纯粹的物质-感知痛点，无法被IAE策展话语完全翻译与减速。
